STRUCTURE,STRUCTURE_ID,STRUCTURE_NAME,ACTION,MEASURE,Traffic Measure,UNIT_MEASURE,Unit of measure,REF_AREA,Reference area,FREQ,Frequency,TRA_TYPE,Accident Type,INJ_DEG,Degree of Injury,TRA_VIO,Traffic Violation,CIVIL_RESC,Civil Defense Rescue Team,SEC_AGE,Age Group,SEC_GENDER,Gender,SEC_MAR,Marital Status,SOURCE_DETAIL,Source,TIME_PERIOD,Time period,OBS_VALUE,Observation value,DECIMALS,Decimals,OBS_STATUS,Observation status,UNIT_MULT,Unit multiplier
DATAFLOW,FCSA:DF_TRA_TYPE(3.0.0),Number of Accidents by Emirate and Type of Accidents,I,TYP,Accident Type,NUMBER,Number,AE,UAE,A,Annual,SC,Collision,_Z,Not Applicable,_Z,Not Applicable,_Z,Not Applicable,_Z,Not Applicable,_Z,Not Applicable,_Z,Not Applicable,MOI,Ministry of Interior,2015,,3119,,,,,,,
DATAFLOW,FCSA:DF_TRA_TYPE(3.0.0),Number of Accidents by Emirate and Type of Accidents,I,TYP,Accident Type,NUMBER,Number,AE,UAE,A,Annual,SC,Collision,_Z,Not Applicable,_Z,Not Applicable,_Z,Not Applicable,_Z,Not Applicable,_Z,Not Applicable,_Z,Not Applicable,MOI,Ministry of Interior,2016,,3127,,,,,,,
DATAFLOW,FCSA:DF_TRA_TYPE(3.0.0),Number of Accidents by Emirate and Type of Accidents,I,TYP,Accident Type,NUMBER,Number,AE,UAE,A,Annual,SC,Collision,_Z,Not Applicable,_Z,Not Applicable,_Z,Not Applicable,_Z,Not Applicable,_Z,Not Applicable,_Z,Not Applicable,MOI,Ministry of Interior,2017,,2716,,,,,,,
DATAFLOW,FCSA:DF_TRA_TYPE(3.0.0),Number of Accidents by Emirate and Type of Accidents,I,TYP,Accident Type,NUMBER,Number,AE,UAE,A,Annual,SC,Collision,_Z,Not Applicable,_Z,Not Applicable,_Z,Not Applicable,_Z,Not Applicable,_Z,Not Applicable,_Z,Not Applicable,MOI,Ministry of Interior,2018,,2391,,,,,,,
DATAFLOW,FCSA:DF_TRA_TYPE(3.0.0),Number of Accidents by Emirate and Type of Accidents,I,TYP,Accident Type,NUMBER,Number,AE,UAE,A,Annual,SC,Collision,_Z,Not Applicable,_Z,Not Applicable,_Z,Not Applicable,_Z,Not Applicable,_Z,Not Applicable,_Z,Not Applicable,MOI,Ministry of Interior,2019,,2787,,,,,,,
DATAFLOW,FCSA:DF_TRA_TYPE(3.0.0),Number of Accidents by Emirate and Type of Accidents,I,TYP,Accident Type,NUMBER,Number,AE,UAE,A,Annual,SC,Collision,_Z,Not Applicable,_Z,Not Applicable,_Z,Not Applicable,_Z,Not Applicable,_Z,Not Applicable,_Z,Not Applicable,MOI,Ministry of Interior,2020,,2004,,,,,,,
DATAFLOW,FCSA:DF_TRA_TYPE(3.0.0),Number of Accidents by Emirate and Type of Accidents,I,TYP,Accident Type,NUMBER,Number,AE,UAE,A,Annual,SC,Collision,_Z,Not Applicable,_Z,Not Applicable,_Z,Not Applicable,_Z,Not Applicable,_Z,Not Applicable,_Z,Not Applicable,MOI,Ministry of Interior,2021,,2428,,,,,,,
DATAFLOW,FCSA:DF_TRA_TYPE(3.0.0),Number of Accidents by Emirate and Type of Accidents,I,TYP,Accident Type,NUMBER,Number,AE,UAE,A,Annual,SC,Collision,_Z,Not Applicable,_Z,Not Applicable,_Z,Not Applicable,_Z,Not Applicable,_Z,Not Applicable,_Z,Not Applicable,MOI,Ministry of Interior,2022,,2664,,,,,,,
DATAFLOW,FCSA:DF_TRA_TYPE(3.0.0),Number of Accidents by Emirate and Type of Accidents,I,TYP,Accident Type,NUMBER,Number,AE,UAE,A,Annual,DT,Rollover,_Z,Not Applicable,_Z,Not Applicable,_Z,Not Applicable,_Z,Not Applicable,_Z,Not Applicable,_Z,Not Applicable,MOI,Ministry of Interior,2015,,532,,,,,,,
DATAFLOW,FCSA:DF_TRA_TYPE(3.0.0),Number of Accidents by Emirate and Type of Accidents,I,TYP,Accident Type,NUMBER,Number,AE,UAE,A,Annual,DT,Rollover,_Z,Not Applicable,_Z,Not Applicable,_Z,Not Applicable,_Z,Not Applicable,_Z,Not Applicable,_Z,Not Applicable,MOI,Ministry of Interior,2016,,503,,,,,,,
DATAFLOW,FCSA:DF_TRA_TYPE(3.0.0),Number of Accidents by Emirate and Type of Accidents,I,TYP,Accident Type,NUMBER,Number,AE,UAE,A,Annual,DT,Rollover,_Z,Not Applicable,_Z,Not Applicable,_Z,Not Applicable,_Z,Not Applicable,_Z,Not Applicable,_Z,Not Applicable,MOI,Ministry of Interior,2017,,380,,,,,,,
DATAFLOW,FCSA:DF_TRA_TYPE(3.0.0),Number of Accidents by Emirate and Type of Accidents,I,TYP,Accident Type,NUMBER,Number,AE,UAE,A,Annual,DT,Rollover,_Z,Not Applicable,_Z,Not Applicable,_Z,Not Applicable,_Z,Not Applicable,_Z,Not Applicable,_Z,Not Applicable,MOI,Ministry of Interior,2018,,395,,,,,,,
DATAFLOW,FCSA:DF_TRA_TYPE(3.0.0),Number of Accidents by Emirate and Type of Accidents,I,TYP,Accident Type,NUMBER,Number,AE,UAE,A,Annual,DT,Rollover,_Z,Not Applicable,_Z,Not Applicable,_Z,Not Applicable,_Z,Not Applicable,_Z,Not Applicable,_Z,Not Applicable,MOI,Ministry of Interior,2019,,406,,,,,,,
DATAFLOW,FCSA:DF_TRA_TYPE(3.0.0),Number of Accidents by Emirate and Type of Accidents,I,TYP,Accident Type,NUMBER,Number,AE,UAE,A,Annual,DT,Rollover,_Z,Not Applicable,_Z,Not Applicable,_Z,Not Applicable,_Z,Not Applicable,_Z,Not Applicable,_Z,Not Applicable,MOI,Ministry of Interior,2020,,299,,,,,,,
DATAFLOW,FCSA:DF_TRA_TYPE(3.0.0),Number of Accidents by Emirate and Type of Accidents,I,TYP,Accident Type,NUMBER,Number,AE,UAE,A,Annual,DT,Rollover,_Z,Not Applicable,_Z,Not Applicable,_Z,Not Applicable,_Z,Not Applicable,_Z,Not Applicable,_Z,Not Applicable,MOI,Ministry of Interior,2021,,328,,,,,,,
DATAFLOW,FCSA:DF_TRA_TYPE(3.0.0),Number of Accidents by Emirate and Type of Accidents,I,TYP,Accident Type,NUMBER,Number,AE,UAE,A,Annual,DT,Rollover,_Z,Not Applicable,_Z,Not Applicable,_Z,Not Applicable,_Z,Not Applicable,_Z,Not Applicable,_Z,Not Applicable,MOI,Ministry of Interior,2022,,430,,,,,,,
DATAFLOW,FCSA:DF_TRA_TYPE(3.0.0),Number of Accidents by Emirate and Type of Accidents,I,TYP,Accident Type,NUMBER,Number,AE,UAE,A,Annual,RO,Run Over,_Z,Not Applicable,_Z,Not Applicable,_Z,Not Applicable,_Z,Not Applicable,_Z,Not Applicable,_Z,Not Applicable,MOI,Ministry of Interior,2015,,1052,,,,,,,
DATAFLOW,FCSA:DF_TRA_TYPE(3.0.0),Number of Accidents by Emirate and Type of Accidents,I,TYP,Accident Type,NUMBER,Number,AE,UAE,A,Annual,RO,Run Over,_Z,Not Applicable,_Z,Not Applicable,_Z,Not Applicable,_Z,Not Applicable,_Z,Not Applicable,_Z,Not Applicable,MOI,Ministry of Interior,2016,,1119,,,,,,,
DATAFLOW,FCSA:DF_TRA_TYPE(3.0.0),Number of Accidents by Emirate and Type of Accidents,I,TYP,Accident Type,NUMBER,Number,AE,UAE,A,Annual,RO,Run Over,_Z,Not Applicable,_Z,Not Applicable,_Z,Not Applicable,_Z,Not Applicable,_Z,Not Applicable,_Z,Not Applicable,MOI,Ministry of Interior,2017,,973,,,,,,,
DATAFLOW,FCSA:DF_TRA_TYPE(3.0.0),Number of Accidents by Emirate and Type of Accidents,I,TYP,Accident Type,NUMBER,Number,AE,UAE,A,Annual,RO,Run Over,_Z,Not Applicable,_Z,Not Applicable,_Z,Not Applicable,_Z,Not Applicable,_Z,Not Applicable,_Z,Not Applicable,MOI,Ministry of Interior,2018,,906,,,,,,,
DATAFLOW,FCSA:DF_TRA_TYPE(3.0.0),Number of Accidents by Emirate and Type of Accidents,I,TYP,Accident Type,NUMBER,Number,AE,UAE,A,Annual,RO,Run Over,_Z,Not Applicable,_Z,Not Applicable,_Z,Not Applicable,_Z,Not Applicable,_Z,Not Applicable,_Z,Not Applicable,MOI,Ministry of Interior,2019,,999,,,,,,,
DATAFLOW,FCSA:DF_TRA_TYPE(3.0.0),Number of Accidents by Emirate and Type of Accidents,I,TYP,Accident Type,NUMBER,Number,AE,UAE,A,Annual,RO,Run Over,_Z,Not Applicable,_Z,Not Applicable,_Z,Not Applicable,_Z,Not Applicable,_Z,Not Applicable,_Z,Not Applicable,MOI,Ministry of Interior,2020,,616,,,,,,,
DATAFLOW,FCSA:DF_TRA_TYPE(3.0.0),Number of Accidents by Emirate and Type of Accidents,I,TYP,Accident Type,NUMBER,Number,AE,UAE,A,Annual,RO,Run Over,_Z,Not Applicable,_Z,Not Applicable,_Z,Not Applicable,_Z,Not Applicable,_Z,Not Applicable,_Z,Not Applicable,MOI,Ministry of Interior,2021,,717,,,,,,,
DATAFLOW,FCSA:DF_TRA_TYPE(3.0.0),Number of Accidents by Emirate and Type of Accidents,I,TYP,Accident Type,NUMBER,Number,AE,UAE,A,Annual,RO,Run Over,_Z,Not Applicable,_Z,Not Applicable,_Z,Not Applicable,_Z,Not Applicable,_Z,Not Applicable,_Z,Not Applicable,MOI,Ministry of Interior,2022,,825,,,,,,,
DATAFLOW,FCSA:DF_TRA_TYPE(3.0.0),Number of Accidents by Emirate and Type of Accidents,I,TYP,Accident Type,NUMBER,Number,AE,UAE,A,Annual,OTH,Other,_Z,Not Applicable,_Z,Not Applicable,_Z,Not Applicable,_Z,Not Applicable,_Z,Not Applicable,_Z,Not Applicable,MOI,Ministry of Interior,2015,,93,,,,,,,
DATAFLOW,FCSA:DF_TRA_TYPE(3.0.0),Number of Accidents by Emirate and Type of Accidents,I,TYP,Accident Type,NUMBER,Number,AE,UAE,A,Annual,OTH,Other,_Z,Not Applicable,_Z,Not Applicable,_Z,Not Applicable,_Z,Not Applicable,_Z,Not Applicable,_Z,Not Applicable,MOI,Ministry of Interior,2016,,39,,,,,,,
DATAFLOW,FCSA:DF_TRA_TYPE(3.0.0),Number of Accidents by Emirate and Type of Accidents,I,TYP,Accident Type,NUMBER,Number,AE,UAE,A,Annual,OTH,Other,_Z,Not Applicable,_Z,Not Applicable,_Z,Not Applicable,_Z,Not Applicable,_Z,Not Applicable,_Z,Not Applicable,MOI,Ministry of Interior,2017,,34,,,,,,,
DATAFLOW,FCSA:DF_TRA_TYPE(3.0.0),Number of Accidents by Emirate and Type of Accidents,I,TYP,Accident Type,NUMBER,Number,AE,UAE,A,Annual,OTH,Other,_Z,Not Applicable,_Z,Not Applicable,_Z,Not Applicable,_Z,Not Applicable,_Z,Not Applicable,_Z,Not Applicable,MOI,Ministry of Interior,2018,,20,,,,,,,
DATAFLOW,FCSA:DF_TRA_TYPE(3.0.0),Number of Accidents by Emirate and Type of Accidents,I,TYP,Accident Type,NUMBER,Number,AE,UAE,A,Annual,OTH,Other,_Z,Not Applicable,_Z,Not Applicable,_Z,Not Applicable,_Z,Not Applicable,_Z,Not Applicable,_Z,Not Applicable,MOI,Ministry of Interior,2019,,14,,,,,,,
DATAFLOW,FCSA:DF_TRA_TYPE(3.0.0),Number of Accidents by Emirate and Type of Accidents,I,TYP,Accident Type,NUMBER,Number,AE,UAE,A,Annual,OTH,Other,_Z,Not Applicable,_Z,Not Applicable,_Z,Not Applicable,_Z,Not Applicable,_Z,Not Applicable,_Z,Not Applicable,MOI,Ministry of Interior,2020,,12,,,,,,,
DATAFLOW,FCSA:DF_TRA_TYPE(3.0.0),Number of Accidents by Emirate and Type of Accidents,I,TYP,Accident Type,NUMBER,Number,AE,UAE,A,Annual,OTH,Other,_Z,Not Applicable,_Z,Not Applicable,_Z,Not Applicable,_Z,Not Applicable,_Z,Not Applicable,_Z,Not Applicable,MOI,Ministry of Interior,2021,,15,,,,,,,
DATAFLOW,FCSA:DF_TRA_TYPE(3.0.0),Number of Accidents by Emirate and Type of Accidents,I,TYP,Accident Type,NUMBER,Number,AE,UAE,A,Annual,OTH,Other,_Z,Not Applicable,_Z,Not Applicable,_Z,Not Applicable,_Z,Not Applicable,_Z,Not Applicable,_Z,Not Applicable,MOI,Ministry of Interior,2022,,26,,,,,,,
DATAFLOW,FCSA:DF_TRA_TYPE(3.0.0),Number of Accidents by Emirate and Type of Accidents,I,TYP,Accident Type,NUMBER,Number,AE,UAE,A,Annual,_T,Total,_Z,Not Applicable,_Z,Not Applicable,_Z,Not Applicable,_Z,Not Applicable,_Z,Not Applicable,_Z,Not Applicable,MOI,Ministry of Interior,2015,,4796,,,,,,,
DATAFLOW,FCSA:DF_TRA_TYPE(3.0.0),Number of Accidents by Emirate and Type of Accidents,I,TYP,Accident Type,NUMBER,Number,AE,UAE,A,Annual,_T,Total,_Z,Not Applicable,_Z,Not Applicable,_Z,Not Applicable,_Z,Not Applicable,_Z,Not Applicable,_Z,Not Applicable,MOI,Ministry of Interior,2016,,4788,,,,,,,
DATAFLOW,FCSA:DF_TRA_TYPE(3.0.0),Number of Accidents by Emirate and Type of Accidents,I,TYP,Accident Type,NUMBER,Number,AE,UAE,A,Annual,_T,Total,_Z,Not Applicable,_Z,Not Applicable,_Z,Not Applicable,_Z,Not Applicable,_Z,Not Applicable,_Z,Not Applicable,MOI,Ministry of Interior,2017,,4103,,,,,,,
DATAFLOW,FCSA:DF_TRA_TYPE(3.0.0),Number of Accidents by Emirate and Type of Accidents,I,TYP,Accident Type,NUMBER,Number,AE,UAE,A,Annual,_T,Total,_Z,Not Applicable,_Z,Not Applicable,_Z,Not Applicable,_Z,Not Applicable,_Z,Not Applicable,_Z,Not Applicable,MOI,Ministry of Interior,2018,,3712,,,,,,,
DATAFLOW,FCSA:DF_TRA_TYPE(3.0.0),Number of Accidents by Emirate and Type of Accidents,I,TYP,Accident Type,NUMBER,Number,AE,UAE,A,Annual,_T,Total,_Z,Not Applicable,_Z,Not Applicable,_Z,Not Applicable,_Z,Not Applicable,_Z,Not Applicable,_Z,Not Applicable,MOI,Ministry of Interior,2019,,4206,,,,,,,
DATAFLOW,FCSA:DF_TRA_TYPE(3.0.0),Number of Accidents by Emirate and Type of Accidents,I,TYP,Accident Type,NUMBER,Number,AE,UAE,A,Annual,_T,Total,_Z,Not Applicable,_Z,Not Applicable,_Z,Not Applicable,_Z,Not Applicable,_Z,Not Applicable,_Z,Not Applicable,MOI,Ministry of Interior,2020,,2931,,,,,,,
DATAFLOW,FCSA:DF_TRA_TYPE(3.0.0),Number of Accidents by Emirate and Type of Accidents,I,TYP,Accident Type,NUMBER,Number,AE,UAE,A,Annual,_T,Total,_Z,Not Applicable,_Z,Not Applicable,_Z,Not Applicable,_Z,Not Applicable,_Z,Not Applicable,_Z,Not Applicable,MOI,Ministry of Interior,2021,,3488,,,,,,,
DATAFLOW,FCSA:DF_TRA_TYPE(3.0.0),Number of Accidents by Emirate and Type of Accidents,I,TYP,Accident Type,NUMBER,Number,AE,UAE,A,Annual,_T,Total,_Z,Not Applicable,_Z,Not Applicable,_Z,Not Applicable,_Z,Not Applicable,_Z,Not Applicable,_Z,Not Applicable,MOI,Ministry of Interior,2022,,3945,,,,,,,
DATAFLOW,FCSA:DF_TRA_TYPE(3.0.0),Number of Accidents by Emirate and Type of Accidents,I,TYP,Accident Type,NUMBER,Number,AE-AZ,Abu Dhabi,A,Annual,SC,Collision,_Z,Not Applicable,_Z,Not Applicable,_Z,Not Applicable,_Z,Not Applicable,_Z,Not Applicable,_Z,Not Applicable,MOI,Ministry of Interior,2015,,1168,,,,,,,
DATAFLOW,FCSA:DF_TRA_TYPE(3.0.0),Number of Accidents by Emirate and Type of Accidents,I,TYP,Accident Type,NUMBER,Number,AE-AZ,Abu Dhabi,A,Annual,SC,Collision,_Z,Not Applicable,_Z,Not Applicable,_Z,Not Applicable,_Z,Not Applicable,_Z,Not Applicable,_Z,Not Applicable,MOI,Ministry of Interior,2016,,1136,,,,,,,
DATAFLOW,FCSA:DF_TRA_TYPE(3.0.0),Number of Accidents by Emirate and Type of Accidents,I,TYP,Accident Type,NUMBER,Number,AE-AZ,Abu Dhabi,A,Annual,SC,Collision,_Z,Not Applicable,_Z,Not Applicable,_Z,Not Applicable,_Z,Not Applicable,_Z,Not Applicable,_Z,Not Applicable,MOI,Ministry of Interior,2017,,1054,,,,,,,
DATAFLOW,FCSA:DF_TRA_TYPE(3.0.0),Number of Accidents by Emirate and Type of Accidents,I,TYP,Accident Type,NUMBER,Number,AE-AZ,Abu Dhabi,A,Annual,SC,Collision,_Z,Not Applicable,_Z,Not Applicable,_Z,Not Applicable,_Z,Not Applicable,_Z,Not Applicable,_Z,Not Applicable,MOI,Ministry of Interior,2018,,978,,,,,,,
DATAFLOW,FCSA:DF_TRA_TYPE(3.0.0),Number of Accidents by Emirate and Type of Accidents,I,TYP,Accident Type,NUMBER,Number,AE-AZ,Abu Dhabi,A,Annual,SC,Collision,_Z,Not Applicable,_Z,Not Applicable,_Z,Not Applicable,_Z,Not Applicable,_Z,Not Applicable,_Z,Not Applicable,MOI,Ministry of Interior,2019,,1264,,,,,,,
DATAFLOW,FCSA:DF_TRA_TYPE(3.0.0),Number of Accidents by Emirate and Type of Accidents,I,TYP,Accident Type,NUMBER,Number,AE-AZ,Abu Dhabi,A,Annual,SC,Collision,_Z,Not Applicable,_Z,Not Applicable,_Z,Not Applicable,_Z,Not Applicable,_Z,Not Applicable,_Z,Not Applicable,MOI,Ministry of Interior,2020,,835,,,,,,,
DATAFLOW,FCSA:DF_TRA_TYPE(3.0.0),Number of Accidents by Emirate and Type of Accidents,I,TYP,Accident Type,NUMBER,Number,AE-AZ,Abu Dhabi,A,Annual,SC,Collision,_Z,Not Applicable,_Z,Not Applicable,_Z,Not Applicable,_Z,Not Applicable,_Z,Not Applicable,_Z,Not Applicable,MOI,Ministry of Interior,2021,,926,,,,,,,
DATAFLOW,FCSA:DF_TRA_TYPE(3.0.0),Number of Accidents by Emirate and Type of Accidents,I,TYP,Accident Type,NUMBER,Number,AE-AZ,Abu Dhabi,A,Annual,SC,Collision,_Z,Not Applicable,_Z,Not Applicable,_Z,Not Applicable,_Z,Not Applicable,_Z,Not Applicable,_Z,Not Applicable,MOI,Ministry of Interior,2022,,884,,,,,,,
DATAFLOW,FCSA:DF_TRA_TYPE(3.0.0),Number of Accidents by Emirate and Type of Accidents,I,TYP,Accident Type,NUMBER,Number,AE-AZ,Abu Dhabi,A,Annual,DT,Rollover,_Z,Not Applicable,_Z,Not Applicable,_Z,Not Applicable,_Z,Not Applicable,_Z,Not Applicable,_Z,Not Applicable,MOI,Ministry of Interior,2015,,270,,,,,,,
DATAFLOW,FCSA:DF_TRA_TYPE(3.0.0),Number of Accidents by Emirate and Type of Accidents,I,TYP,Accident Type,NUMBER,Number,AE-AZ,Abu Dhabi,A,Annual,DT,Rollover,_Z,Not Applicable,_Z,Not Applicable,_Z,Not Applicable,_Z,Not Applicable,_Z,Not Applicable,_Z,Not Applicable,MOI,Ministry of Interior,2016,,234,,,,,,,
DATAFLOW,FCSA:DF_TRA_TYPE(3.0.0),Number of Accidents by Emirate and Type of Accidents,I,TYP,Accident Type,NUMBER,Number,AE-AZ,Abu Dhabi,A,Annual,DT,Rollover,_Z,Not Applicable,_Z,Not Applicable,_Z,Not Applicable,_Z,Not Applicable,_Z,Not Applicable,_Z,Not Applicable,MOI,Ministry of Interior,2017,,186,,,,,,,
DATAFLOW,FCSA:DF_TRA_TYPE(3.0.0),Number of Accidents by Emirate and Type of Accidents,I,TYP,Accident Type,NUMBER,Number,AE-AZ,Abu Dhabi,A,Annual,DT,Rollover,_Z,Not Applicable,_Z,Not Applicable,_Z,Not Applicable,_Z,Not Applicable,_Z,Not Applicable,_Z,Not Applicable,MOI,Ministry of Interior,2018,,209,,,,,,,
DATAFLOW,FCSA:DF_TRA_TYPE(3.0.0),Number of Accidents by Emirate and Type of Accidents,I,TYP,Accident Type,NUMBER,Number,AE-AZ,Abu Dhabi,A,Annual,DT,Rollover,_Z,Not Applicable,_Z,Not Applicable,_Z,Not Applicable,_Z,Not Applicable,_Z,Not Applicable,_Z,Not Applicable,MOI,Ministry of Interior,2019,,215,,,,,,,
DATAFLOW,FCSA:DF_TRA_TYPE(3.0.0),Number of Accidents by Emirate and Type of Accidents,I,TYP,Accident Type,NUMBER,Number,AE-AZ,Abu Dhabi,A,Annual,DT,Rollover,_Z,Not Applicable,_Z,Not Applicable,_Z,Not Applicable,_Z,Not Applicable,_Z,Not Applicable,_Z,Not Applicable,MOI,Ministry of Interior,2020,,137,,,,,,,
DATAFLOW,FCSA:DF_TRA_TYPE(3.0.0),Number of Accidents by Emirate and Type of Accidents,I,TYP,Accident Type,NUMBER,Number,AE-AZ,Abu Dhabi,A,Annual,DT,Rollover,_Z,Not Applicable,_Z,Not Applicable,_Z,Not Applicable,_Z,Not Applicable,_Z,Not Applicable,_Z,Not Applicable,MOI,Ministry of Interior,2021,,127,,,,,,,
DATAFLOW,FCSA:DF_TRA_TYPE(3.0.0),Number of Accidents by Emirate and Type of Accidents,I,TYP,Accident Type,NUMBER,Number,AE-AZ,Abu Dhabi,A,Annual,DT,Rollover,_Z,Not Applicable,_Z,Not Applicable,_Z,Not Applicable,_Z,Not Applicable,_Z,Not Applicable,_Z,Not Applicable,MOI,Ministry of Interior,2022,,169,,,,,,,
DATAFLOW,FCSA:DF_TRA_TYPE(3.0.0),Number of Accidents by Emirate and Type of Accidents,I,TYP,Accident Type,NUMBER,Number,AE-AZ,Abu Dhabi,A,Annual,RO,Run Over,_Z,Not Applicable,_Z,Not Applicable,_Z,Not Applicable,_Z,Not Applicable,_Z,Not Applicable,_Z,Not Applicable,MOI,Ministry of Interior,2015,,325,,,,,,,
DATAFLOW,FCSA:DF_TRA_TYPE(3.0.0),Number of Accidents by Emirate and Type of Accidents,I,TYP,Accident Type,NUMBER,Number,AE-AZ,Abu Dhabi,A,Annual,RO,Run Over,_Z,Not Applicable,_Z,Not Applicable,_Z,Not Applicable,_Z,Not Applicable,_Z,Not Applicable,_Z,Not Applicable,MOI,Ministry of Interior,2016,,353,,,,,,,
DATAFLOW,FCSA:DF_TRA_TYPE(3.0.0),Number of Accidents by Emirate and Type of Accidents,I,TYP,Accident Type,NUMBER,Number,AE-AZ,Abu Dhabi,A,Annual,RO,Run Over,_Z,Not Applicable,_Z,Not Applicable,_Z,Not Applicable,_Z,Not Applicable,_Z,Not Applicable,_Z,Not Applicable,MOI,Ministry of Interior,2017,,280,,,,,,,
DATAFLOW,FCSA:DF_TRA_TYPE(3.0.0),Number of Accidents by Emirate and Type of Accidents,I,TYP,Accident Type,NUMBER,Number,AE-AZ,Abu Dhabi,A,Annual,RO,Run Over,_Z,Not Applicable,_Z,Not Applicable,_Z,Not Applicable,_Z,Not Applicable,_Z,Not Applicable,_Z,Not Applicable,MOI,Ministry of Interior,2018,,274,,,,,,,
DATAFLOW,FCSA:DF_TRA_TYPE(3.0.0),Number of Accidents by Emirate and Type of Accidents,I,TYP,Accident Type,NUMBER,Number,AE-AZ,Abu Dhabi,A,Annual,RO,Run Over,_Z,Not Applicable,_Z,Not Applicable,_Z,Not Applicable,_Z,Not Applicable,_Z,Not Applicable,_Z,Not Applicable,MOI,Ministry of Interior,2019,,311,,,,,,,
DATAFLOW,FCSA:DF_TRA_TYPE(3.0.0),Number of Accidents by Emirate and Type of Accidents,I,TYP,Accident Type,NUMBER,Number,AE-AZ,Abu Dhabi,A,Annual,RO,Run Over,_Z,Not Applicable,_Z,Not Applicable,_Z,Not Applicable,_Z,Not Applicable,_Z,Not Applicable,_Z,Not Applicable,MOI,Ministry of Interior,2020,,173,,,,,,,
DATAFLOW,FCSA:DF_TRA_TYPE(3.0.0),Number of Accidents by Emirate and Type of Accidents,I,TYP,Accident Type,NUMBER,Number,AE-AZ,Abu Dhabi,A,Annual,RO,Run Over,_Z,Not Applicable,_Z,Not Applicable,_Z,Not Applicable,_Z,Not Applicable,_Z,Not Applicable,_Z,Not Applicable,MOI,Ministry of Interior,2021,,198,,,,,,,
DATAFLOW,FCSA:DF_TRA_TYPE(3.0.0),Number of Accidents by Emirate and Type of Accidents,I,TYP,Accident Type,NUMBER,Number,AE-AZ,Abu Dhabi,A,Annual,RO,Run Over,_Z,Not Applicable,_Z,Not Applicable,_Z,Not Applicable,_Z,Not Applicable,_Z,Not Applicable,_Z,Not Applicable,MOI,Ministry of Interior,2022,,216,,,,,,,
DATAFLOW,FCSA:DF_TRA_TYPE(3.0.0),Number of Accidents by Emirate and Type of Accidents,I,TYP,Accident Type,NUMBER,Number,AE-AZ,Abu Dhabi,A,Annual,OTH,Other,_Z,Not Applicable,_Z,Not Applicable,_Z,Not Applicable,_Z,Not Applicable,_Z,Not Applicable,_Z,Not Applicable,MOI,Ministry of Interior,2015,,40,,,,,,,
DATAFLOW,FCSA:DF_TRA_TYPE(3.0.0),Number of Accidents by Emirate and Type of Accidents,I,TYP,Accident Type,NUMBER,Number,AE-AZ,Abu Dhabi,A,Annual,OTH,Other,_Z,Not Applicable,_Z,Not Applicable,_Z,Not Applicable,_Z,Not Applicable,_Z,Not Applicable,_Z,Not Applicable,MOI,Ministry of Interior,2016,,17,,,,,,,
DATAFLOW,FCSA:DF_TRA_TYPE(3.0.0),Number of Accidents by Emirate and Type of Accidents,I,TYP,Accident Type,NUMBER,Number,AE-AZ,Abu Dhabi,A,Annual,OTH,Other,_Z,Not Applicable,_Z,Not Applicable,_Z,Not Applicable,_Z,Not Applicable,_Z,Not Applicable,_Z,Not Applicable,MOI,Ministry of Interior,2017,,16,,,,,,,
DATAFLOW,FCSA:DF_TRA_TYPE(3.0.0),Number of Accidents by Emirate and Type of Accidents,I,TYP,Accident Type,NUMBER,Number,AE-AZ,Abu Dhabi,A,Annual,OTH,Other,_Z,Not Applicable,_Z,Not Applicable,_Z,Not Applicable,_Z,Not Applicable,_Z,Not Applicable,_Z,Not Applicable,MOI,Ministry of Interior,2018,,8,,,,,,,
DATAFLOW,FCSA:DF_TRA_TYPE(3.0.0),Number of Accidents by Emirate and Type of Accidents,I,TYP,Accident Type,NUMBER,Number,AE-AZ,Abu Dhabi,A,Annual,OTH,Other,_Z,Not Applicable,_Z,Not Applicable,_Z,Not Applicable,_Z,Not Applicable,_Z,Not Applicable,_Z,Not Applicable,MOI,Ministry of Interior,2019,,8,,,,,,,
DATAFLOW,FCSA:DF_TRA_TYPE(3.0.0),Number of Accidents by Emirate and Type of Accidents,I,TYP,Accident Type,NUMBER,Number,AE-AZ,Abu Dhabi,A,Annual,OTH,Other,_Z,Not Applicable,_Z,Not Applicable,_Z,Not Applicable,_Z,Not Applicable,_Z,Not Applicable,_Z,Not Applicable,MOI,Ministry of Interior,2020,,3,,,,,,,
DATAFLOW,FCSA:DF_TRA_TYPE(3.0.0),Number of Accidents by Emirate and Type of Accidents,I,TYP,Accident Type,NUMBER,Number,AE-AZ,Abu Dhabi,A,Annual,OTH,Other,_Z,Not Applicable,_Z,Not Applicable,_Z,Not Applicable,_Z,Not Applicable,_Z,Not Applicable,_Z,Not Applicable,MOI,Ministry of Interior,2021,,4,,,,,,,
DATAFLOW,FCSA:DF_TRA_TYPE(3.0.0),Number of Accidents by Emirate and Type of Accidents,I,TYP,Accident Type,NUMBER,Number,AE-AZ,Abu Dhabi,A,Annual,OTH,Other,_Z,Not Applicable,_Z,Not Applicable,_Z,Not Applicable,_Z,Not Applicable,_Z,Not Applicable,_Z,Not Applicable,MOI,Ministry of Interior,2022,,5,,,,,,,
DATAFLOW,FCSA:DF_TRA_TYPE(3.0.0),Number of Accidents by Emirate and Type of Accidents,I,TYP,Accident Type,NUMBER,Number,AE-AZ,Abu Dhabi,A,Annual,_T,Total,_Z,Not Applicable,_Z,Not Applicable,_Z,Not Applicable,_Z,Not Applicable,_Z,Not Applicable,_Z,Not Applicable,MOI,Ministry of Interior,2015,,1803,,,,,,,
DATAFLOW,FCSA:DF_TRA_TYPE(3.0.0),Number of Accidents by Emirate and Type of Accidents,I,TYP,Accident Type,NUMBER,Number,AE-AZ,Abu Dhabi,A,Annual,_T,Total,_Z,Not Applicable,_Z,Not Applicable,_Z,Not Applicable,_Z,Not Applicable,_Z,Not Applicable,_Z,Not Applicable,MOI,Ministry of Interior,2016,,1740,,,,,,,
DATAFLOW,FCSA:DF_TRA_TYPE(3.0.0),Number of Accidents by Emirate and Type of Accidents,I,TYP,Accident Type,NUMBER,Number,AE-AZ,Abu Dhabi,A,Annual,_T,Total,_Z,Not Applicable,_Z,Not Applicable,_Z,Not Applicable,_Z,Not Applicable,_Z,Not Applicable,_Z,Not Applicable,MOI,Ministry of Interior,2017,,1536,,,,,,,
DATAFLOW,FCSA:DF_TRA_TYPE(3.0.0),Number of Accidents by Emirate and Type of Accidents,I,TYP,Accident Type,NUMBER,Number,AE-AZ,Abu Dhabi,A,Annual,_T,Total,_Z,Not Applicable,_Z,Not Applicable,_Z,Not Applicable,_Z,Not Applicable,_Z,Not Applicable,_Z,Not Applicable,MOI,Ministry of Interior,2018,,1469,,,,,,,
DATAFLOW,FCSA:DF_TRA_TYPE(3.0.0),Number of Accidents by Emirate and Type of Accidents,I,TYP,Accident Type,NUMBER,Number,AE-AZ,Abu Dhabi,A,Annual,_T,Total,_Z,Not Applicable,_Z,Not Applicable,_Z,Not Applicable,_Z,Not Applicable,_Z,Not Applicable,_Z,Not Applicable,MOI,Ministry of Interior,2019,,1798,,,,,,,
DATAFLOW,FCSA:DF_TRA_TYPE(3.0.0),Number of Accidents by Emirate and Type of Accidents,I,TYP,Accident Type,NUMBER,Number,AE-AZ,Abu Dhabi,A,Annual,_T,Total,_Z,Not Applicable,_Z,Not Applicable,_Z,Not Applicable,_Z,Not Applicable,_Z,Not Applicable,_Z,Not Applicable,MOI,Ministry of Interior,2020,,1148,,,,,,,
DATAFLOW,FCSA:DF_TRA_TYPE(3.0.0),Number of Accidents by Emirate and Type of Accidents,I,TYP,Accident Type,NUMBER,Number,AE-AZ,Abu Dhabi,A,Annual,_T,Total,_Z,Not Applicable,_Z,Not Applicable,_Z,Not Applicable,_Z,Not Applicable,_Z,Not Applicable,_Z,Not Applicable,MOI,Ministry of Interior,2021,,1255,,,,,,,
DATAFLOW,FCSA:DF_TRA_TYPE(3.0.0),Number of Accidents by Emirate and Type of Accidents,I,TYP,Accident Type,NUMBER,Number,AE-AZ,Abu Dhabi,A,Annual,_T,Total,_Z,Not Applicable,_Z,Not Applicable,_Z,Not Applicable,_Z,Not Applicable,_Z,Not Applicable,_Z,Not Applicable,MOI,Ministry of Interior,2022,,1274,,,,,,,
DATAFLOW,FCSA:DF_TRA_TYPE(3.0.0),Number of Accidents by Emirate and Type of Accidents,I,TYP,Accident Type,NUMBER,Number,AE-DU,Dubai,A,Annual,SC,Collision,_Z,Not Applicable,_Z,Not Applicable,_Z,Not Applicable,_Z,Not Applicable,_Z,Not Applicable,_Z,Not Applicable,MOI,Ministry of Interior,2015,,1058,,,,,,,
DATAFLOW,FCSA:DF_TRA_TYPE(3.0.0),Number of Accidents by Emirate and Type of Accidents,I,TYP,Accident Type,NUMBER,Number,AE-DU,Dubai,A,Annual,SC,Collision,_Z,Not Applicable,_Z,Not Applicable,_Z,Not Applicable,_Z,Not Applicable,_Z,Not Applicable,_Z,Not Applicable,MOI,Ministry of Interior,2016,,990,,,,,,,
DATAFLOW,FCSA:DF_TRA_TYPE(3.0.0),Number of Accidents by Emirate and Type of Accidents,I,TYP,Accident Type,NUMBER,Number,AE-DU,Dubai,A,Annual,SC,Collision,_Z,Not Applicable,_Z,Not Applicable,_Z,Not Applicable,_Z,Not Applicable,_Z,Not Applicable,_Z,Not Applicable,MOI,Ministry of Interior,2017,,919,,,,,,,
DATAFLOW,FCSA:DF_TRA_TYPE(3.0.0),Number of Accidents by Emirate and Type of Accidents,I,TYP,Accident Type,NUMBER,Number,AE-DU,Dubai,A,Annual,SC,Collision,_Z,Not Applicable,_Z,Not Applicable,_Z,Not Applicable,_Z,Not Applicable,_Z,Not Applicable,_Z,Not Applicable,MOI,Ministry of Interior,2018,,825,,,,,,,
DATAFLOW,FCSA:DF_TRA_TYPE(3.0.0),Number of Accidents by Emirate and Type of Accidents,I,TYP,Accident Type,NUMBER,Number,AE-DU,Dubai,A,Annual,SC,Collision,_Z,Not Applicable,_Z,Not Applicable,_Z,Not Applicable,_Z,Not Applicable,_Z,Not Applicable,_Z,Not Applicable,MOI,Ministry of Interior,2019,,925,,,,,,,
DATAFLOW,FCSA:DF_TRA_TYPE(3.0.0),Number of Accidents by Emirate and Type of Accidents,I,TYP,Accident Type,NUMBER,Number,AE-DU,Dubai,A,Annual,SC,Collision,_Z,Not Applicable,_Z,Not Applicable,_Z,Not Applicable,_Z,Not Applicable,_Z,Not Applicable,_Z,Not Applicable,MOI,Ministry of Interior,2020,,757,,,,,,,
DATAFLOW,FCSA:DF_TRA_TYPE(3.0.0),Number of Accidents by Emirate and Type of Accidents,I,TYP,Accident Type,NUMBER,Number,AE-DU,Dubai,A,Annual,SC,Collision,_Z,Not Applicable,_Z,Not Applicable,_Z,Not Applicable,_Z,Not Applicable,_Z,Not Applicable,_Z,Not Applicable,MOI,Ministry of Interior,2021,,1001,,,,,,,
DATAFLOW,FCSA:DF_TRA_TYPE(3.0.0),Number of Accidents by Emirate and Type of Accidents,I,TYP,Accident Type,NUMBER,Number,AE-DU,Dubai,A,Annual,SC,Collision,_Z,Not Applicable,_Z,Not Applicable,_Z,Not Applicable,_Z,Not Applicable,_Z,Not Applicable,_Z,Not Applicable,MOI,Ministry of Interior,2022,,1287,,,,,,,
DATAFLOW,FCSA:DF_TRA_TYPE(3.0.0),Number of Accidents by Emirate and Type of Accidents,I,TYP,Accident Type,NUMBER,Number,AE-DU,Dubai,A,Annual,DT,Rollover,_Z,Not Applicable,_Z,Not Applicable,_Z,Not Applicable,_Z,Not Applicable,_Z,Not Applicable,_Z,Not Applicable,MOI,Ministry of Interior,2015,,111,,,,,,,
DATAFLOW,FCSA:DF_TRA_TYPE(3.0.0),Number of Accidents by Emirate and Type of Accidents,I,TYP,Accident Type,NUMBER,Number,AE-DU,Dubai,A,Annual,DT,Rollover,_Z,Not Applicable,_Z,Not Applicable,_Z,Not Applicable,_Z,Not Applicable,_Z,Not Applicable,_Z,Not Applicable,MOI,Ministry of Interior,2016,,87,,,,,,,
DATAFLOW,FCSA:DF_TRA_TYPE(3.0.0),Number of Accidents by Emirate and Type of Accidents,I,TYP,Accident Type,NUMBER,Number,AE-DU,Dubai,A,Annual,DT,Rollover,_Z,Not Applicable,_Z,Not Applicable,_Z,Not Applicable,_Z,Not Applicable,_Z,Not Applicable,_Z,Not Applicable,MOI,Ministry of Interior,2017,,65,,,,,,,
DATAFLOW,FCSA:DF_TRA_TYPE(3.0.0),Number of Accidents by Emirate and Type of Accidents,I,TYP,Accident Type,NUMBER,Number,AE-DU,Dubai,A,Annual,DT,Rollover,_Z,Not Applicable,_Z,Not Applicable,_Z,Not Applicable,_Z,Not Applicable,_Z,Not Applicable,_Z,Not Applicable,MOI,Ministry of Interior,2018,,78,,,,,,,
DATAFLOW,FCSA:DF_TRA_TYPE(3.0.0),Number of Accidents by Emirate and Type of Accidents,I,TYP,Accident Type,NUMBER,Number,AE-DU,Dubai,A,Annual,DT,Rollover,_Z,Not Applicable,_Z,Not Applicable,_Z,Not Applicable,_Z,Not Applicable,_Z,Not Applicable,_Z,Not Applicable,MOI,Ministry of Interior,2019,,100,,,,,,,
DATAFLOW,FCSA:DF_TRA_TYPE(3.0.0),Number of Accidents by Emirate and Type of Accidents,I,TYP,Accident Type,NUMBER,Number,AE-DU,Dubai,A,Annual,DT,Rollover,_Z,Not Applicable,_Z,Not Applicable,_Z,Not Applicable,_Z,Not Applicable,_Z,Not Applicable,_Z,Not Applicable,MOI,Ministry of Interior,2020,,81,,,,,,,
DATAFLOW,FCSA:DF_TRA_TYPE(3.0.0),Number of Accidents by Emirate and Type of Accidents,I,TYP,Accident Type,NUMBER,Number,AE-DU,Dubai,A,Annual,DT,Rollover,_Z,Not Applicable,_Z,Not Applicable,_Z,Not Applicable,_Z,Not Applicable,_Z,Not Applicable,_Z,Not Applicable,MOI,Ministry of Interior,2021,,119,,,,,,,
DATAFLOW,FCSA:DF_TRA_TYPE(3.0.0),Number of Accidents by Emirate and Type of Accidents,I,TYP,Accident Type,NUMBER,Number,AE-DU,Dubai,A,Annual,DT,Rollover,_Z,Not Applicable,_Z,Not Applicable,_Z,Not Applicable,_Z,Not Applicable,_Z,Not Applicable,_Z,Not Applicable,MOI,Ministry of Interior,2022,,173,,,,,,,
DATAFLOW,FCSA:DF_TRA_TYPE(3.0.0),Number of Accidents by Emirate and Type of Accidents,I,TYP,Accident Type,NUMBER,Number,AE-DU,Dubai,A,Annual,RO,Run Over,_Z,Not Applicable,_Z,Not Applicable,_Z,Not Applicable,_Z,Not Applicable,_Z,Not Applicable,_Z,Not Applicable,MOI,Ministry of Interior,2015,,334,,,,,,,
DATAFLOW,FCSA:DF_TRA_TYPE(3.0.0),Number of Accidents by Emirate and Type of Accidents,I,TYP,Accident Type,NUMBER,Number,AE-DU,Dubai,A,Annual,RO,Run Over,_Z,Not Applicable,_Z,Not Applicable,_Z,Not Applicable,_Z,Not Applicable,_Z,Not Applicable,_Z,Not Applicable,MOI,Ministry of Interior,2016,,357,,,,,,,
DATAFLOW,FCSA:DF_TRA_TYPE(3.0.0),Number of Accidents by Emirate and Type of Accidents,I,TYP,Accident Type,NUMBER,Number,AE-DU,Dubai,A,Annual,RO,Run Over,_Z,Not Applicable,_Z,Not Applicable,_Z,Not Applicable,_Z,Not Applicable,_Z,Not Applicable,_Z,Not Applicable,MOI,Ministry of Interior,2017,,354,,,,,,,
DATAFLOW,FCSA:DF_TRA_TYPE(3.0.0),Number of Accidents by Emirate and Type of Accidents,I,TYP,Accident Type,NUMBER,Number,AE-DU,Dubai,A,Annual,RO,Run Over,_Z,Not Applicable,_Z,Not Applicable,_Z,Not Applicable,_Z,Not Applicable,_Z,Not Applicable,_Z,Not Applicable,MOI,Ministry of Interior,2018,,304,,,,,,,
DATAFLOW,FCSA:DF_TRA_TYPE(3.0.0),Number of Accidents by Emirate and Type of Accidents,I,TYP,Accident Type,NUMBER,Number,AE-DU,Dubai,A,Annual,RO,Run Over,_Z,Not Applicable,_Z,Not Applicable,_Z,Not Applicable,_Z,Not Applicable,_Z,Not Applicable,_Z,Not Applicable,MOI,Ministry of Interior,2019,,332,,,,,,,
DATAFLOW,FCSA:DF_TRA_TYPE(3.0.0),Number of Accidents by Emirate and Type of Accidents,I,TYP,Accident Type,NUMBER,Number,AE-DU,Dubai,A,Annual,RO,Run Over,_Z,Not Applicable,_Z,Not Applicable,_Z,Not Applicable,_Z,Not Applicable,_Z,Not Applicable,_Z,Not Applicable,MOI,Ministry of Interior,2020,,229,,,,,,,
DATAFLOW,FCSA:DF_TRA_TYPE(3.0.0),Number of Accidents by Emirate and Type of Accidents,I,TYP,Accident Type,NUMBER,Number,AE-DU,Dubai,A,Annual,RO,Run Over,_Z,Not Applicable,_Z,Not Applicable,_Z,Not Applicable,_Z,Not Applicable,_Z,Not Applicable,_Z,Not Applicable,MOI,Ministry of Interior,2021,,282,,,,,,,
DATAFLOW,FCSA:DF_TRA_TYPE(3.0.0),Number of Accidents by Emirate and Type of Accidents,I,TYP,Accident Type,NUMBER,Number,AE-DU,Dubai,A,Annual,RO,Run Over,_Z,Not Applicable,_Z,Not Applicable,_Z,Not Applicable,_Z,Not Applicable,_Z,Not Applicable,_Z,Not Applicable,MOI,Ministry of Interior,2022,,364,,,,,,,
DATAFLOW,FCSA:DF_TRA_TYPE(3.0.0),Number of Accidents by Emirate and Type of Accidents,I,TYP,Accident Type,NUMBER,Number,AE-DU,Dubai,A,Annual,OTH,Other,_Z,Not Applicable,_Z,Not Applicable,_Z,Not Applicable,_Z,Not Applicable,_Z,Not Applicable,_Z,Not Applicable,MOI,Ministry of Interior,2015,,9,,,,,,,
DATAFLOW,FCSA:DF_TRA_TYPE(3.0.0),Number of Accidents by Emirate and Type of Accidents,I,TYP,Accident Type,NUMBER,Number,AE-DU,Dubai,A,Annual,OTH,Other,_Z,Not Applicable,_Z,Not Applicable,_Z,Not Applicable,_Z,Not Applicable,_Z,Not Applicable,_Z,Not Applicable,MOI,Ministry of Interior,2016,,13,,,,,,,
DATAFLOW,FCSA:DF_TRA_TYPE(3.0.0),Number of Accidents by Emirate and Type of Accidents,I,TYP,Accident Type,NUMBER,Number,AE-DU,Dubai,A,Annual,OTH,Other,_Z,Not Applicable,_Z,Not Applicable,_Z,Not Applicable,_Z,Not Applicable,_Z,Not Applicable,_Z,Not Applicable,MOI,Ministry of Interior,2017,,12,,,,,,,
DATAFLOW,FCSA:DF_TRA_TYPE(3.0.0),Number of Accidents by Emirate and Type of Accidents,I,TYP,Accident Type,NUMBER,Number,AE-DU,Dubai,A,Annual,OTH,Other,_Z,Not Applicable,_Z,Not Applicable,_Z,Not Applicable,_Z,Not Applicable,_Z,Not Applicable,_Z,Not Applicable,MOI,Ministry of Interior,2018,,7,,,,,,,
DATAFLOW,FCSA:DF_TRA_TYPE(3.0.0),Number of Accidents by Emirate and Type of Accidents,I,TYP,Accident Type,NUMBER,Number,AE-DU,Dubai,A,Annual,OTH,Other,_Z,Not Applicable,_Z,Not Applicable,_Z,Not Applicable,_Z,Not Applicable,_Z,Not Applicable,_Z,Not Applicable,MOI,Ministry of Interior,2019,,3,,,,,,,
DATAFLOW,FCSA:DF_TRA_TYPE(3.0.0),Number of Accidents by Emirate and Type of Accidents,I,TYP,Accident Type,NUMBER,Number,AE-DU,Dubai,A,Annual,OTH,Other,_Z,Not Applicable,_Z,Not Applicable,_Z,Not Applicable,_Z,Not Applicable,_Z,Not Applicable,_Z,Not Applicable,MOI,Ministry of Interior,2020,,5,,,,,,,
DATAFLOW,FCSA:DF_TRA_TYPE(3.0.0),Number of Accidents by Emirate and Type of Accidents,I,TYP,Accident Type,NUMBER,Number,AE-DU,Dubai,A,Annual,OTH,Other,_Z,Not Applicable,_Z,Not Applicable,_Z,Not Applicable,_Z,Not Applicable,_Z,Not Applicable,_Z,Not Applicable,MOI,Ministry of Interior,2021,,7,,,,,,,
DATAFLOW,FCSA:DF_TRA_TYPE(3.0.0),Number of Accidents by Emirate and Type of Accidents,I,TYP,Accident Type,NUMBER,Number,AE-DU,Dubai,A,Annual,OTH,Other,_Z,Not Applicable,_Z,Not Applicable,_Z,Not Applicable,_Z,Not Applicable,_Z,Not Applicable,_Z,Not Applicable,MOI,Ministry of Interior,2022,,11,,,,,,,
DATAFLOW,FCSA:DF_TRA_TYPE(3.0.0),Number of Accidents by Emirate and Type of Accidents,I,TYP,Accident Type,NUMBER,Number,AE-DU,Dubai,A,Annual,_T,Total,_Z,Not Applicable,_Z,Not Applicable,_Z,Not Applicable,_Z,Not Applicable,_Z,Not Applicable,_Z,Not Applicable,MOI,Ministry of Interior,2015,,1512,,,,,,,
DATAFLOW,FCSA:DF_TRA_TYPE(3.0.0),Number of Accidents by Emirate and Type of Accidents,I,TYP,Accident Type,NUMBER,Number,AE-DU,Dubai,A,Annual,_T,Total,_Z,Not Applicable,_Z,Not Applicable,_Z,Not Applicable,_Z,Not Applicable,_Z,Not Applicable,_Z,Not Applicable,MOI,Ministry of Interior,2016,,1447,,,,,,,
DATAFLOW,FCSA:DF_TRA_TYPE(3.0.0),Number of Accidents by Emirate and Type of Accidents,I,TYP,Accident Type,NUMBER,Number,AE-DU,Dubai,A,Annual,_T,Total,_Z,Not Applicable,_Z,Not Applicable,_Z,Not Applicable,_Z,Not Applicable,_Z,Not Applicable,_Z,Not Applicable,MOI,Ministry of Interior,2017,,1350,,,,,,,
DATAFLOW,FCSA:DF_TRA_TYPE(3.0.0),Number of Accidents by Emirate and Type of Accidents,I,TYP,Accident Type,NUMBER,Number,AE-DU,Dubai,A,Annual,_T,Total,_Z,Not Applicable,_Z,Not Applicable,_Z,Not Applicable,_Z,Not Applicable,_Z,Not Applicable,_Z,Not Applicable,MOI,Ministry of Interior,2018,,1214,,,,,,,
DATAFLOW,FCSA:DF_TRA_TYPE(3.0.0),Number of Accidents by Emirate and Type of Accidents,I,TYP,Accident Type,NUMBER,Number,AE-DU,Dubai,A,Annual,_T,Total,_Z,Not Applicable,_Z,Not Applicable,_Z,Not Applicable,_Z,Not Applicable,_Z,Not Applicable,_Z,Not Applicable,MOI,Ministry of Interior,2019,,1360,,,,,,,
DATAFLOW,FCSA:DF_TRA_TYPE(3.0.0),Number of Accidents by Emirate and Type of Accidents,I,TYP,Accident Type,NUMBER,Number,AE-DU,Dubai,A,Annual,_T,Total,_Z,Not Applicable,_Z,Not Applicable,_Z,Not Applicable,_Z,Not Applicable,_Z,Not Applicable,_Z,Not Applicable,MOI,Ministry of Interior,2020,,1072,,,,,,,
DATAFLOW,FCSA:DF_TRA_TYPE(3.0.0),Number of Accidents by Emirate and Type of Accidents,I,TYP,Accident Type,NUMBER,Number,AE-DU,Dubai,A,Annual,_T,Total,_Z,Not Applicable,_Z,Not Applicable,_Z,Not Applicable,_Z,Not Applicable,_Z,Not Applicable,_Z,Not Applicable,MOI,Ministry of Interior,2021,,1409,,,,,,,
DATAFLOW,FCSA:DF_TRA_TYPE(3.0.0),Number of Accidents by Emirate and Type of Accidents,I,TYP,Accident Type,NUMBER,Number,AE-DU,Dubai,A,Annual,_T,Total,_Z,Not Applicable,_Z,Not Applicable,_Z,Not Applicable,_Z,Not Applicable,_Z,Not Applicable,_Z,Not Applicable,MOI,Ministry of Interior,2022,,1835,,,,,,,
DATAFLOW,FCSA:DF_TRA_TYPE(3.0.0),Number of Accidents by Emirate and Type of Accidents,I,TYP,Accident Type,NUMBER,Number,AE-SH,Sharjah,A,Annual,SC,Collision,_Z,Not Applicable,_Z,Not Applicable,_Z,Not Applicable,_Z,Not Applicable,_Z,Not Applicable,_Z,Not Applicable,MOI,Ministry of Interior,2015,,407,,,,,,,
DATAFLOW,FCSA:DF_TRA_TYPE(3.0.0),Number of Accidents by Emirate and Type of Accidents,I,TYP,Accident Type,NUMBER,Number,AE-SH,Sharjah,A,Annual,SC,Collision,_Z,Not Applicable,_Z,Not Applicable,_Z,Not Applicable,_Z,Not Applicable,_Z,Not Applicable,_Z,Not Applicable,MOI,Ministry of Interior,2016,,366,,,,,,,
DATAFLOW,FCSA:DF_TRA_TYPE(3.0.0),Number of Accidents by Emirate and Type of Accidents,I,TYP,Accident Type,NUMBER,Number,AE-SH,Sharjah,A,Annual,SC,Collision,_Z,Not Applicable,_Z,Not Applicable,_Z,Not Applicable,_Z,Not Applicable,_Z,Not Applicable,_Z,Not Applicable,MOI,Ministry of Interior,2017,,311,,,,,,,
DATAFLOW,FCSA:DF_TRA_TYPE(3.0.0),Number of Accidents by Emirate and Type of Accidents,I,TYP,Accident Type,NUMBER,Number,AE-SH,Sharjah,A,Annual,SC,Collision,_Z,Not Applicable,_Z,Not Applicable,_Z,Not Applicable,_Z,Not Applicable,_Z,Not Applicable,_Z,Not Applicable,MOI,Ministry of Interior,2018,,249,,,,,,,
DATAFLOW,FCSA:DF_TRA_TYPE(3.0.0),Number of Accidents by Emirate and Type of Accidents,I,TYP,Accident Type,NUMBER,Number,AE-SH,Sharjah,A,Annual,SC,Collision,_Z,Not Applicable,_Z,Not Applicable,_Z,Not Applicable,_Z,Not Applicable,_Z,Not Applicable,_Z,Not Applicable,MOI,Ministry of Interior,2019,,293,,,,,,,
DATAFLOW,FCSA:DF_TRA_TYPE(3.0.0),Number of Accidents by Emirate and Type of Accidents,I,TYP,Accident Type,NUMBER,Number,AE-SH,Sharjah,A,Annual,SC,Collision,_Z,Not Applicable,_Z,Not Applicable,_Z,Not Applicable,_Z,Not Applicable,_Z,Not Applicable,_Z,Not Applicable,MOI,Ministry of Interior,2020,,179,,,,,,,
DATAFLOW,FCSA:DF_TRA_TYPE(3.0.0),Number of Accidents by Emirate and Type of Accidents,I,TYP,Accident Type,NUMBER,Number,AE-SH,Sharjah,A,Annual,SC,Collision,_Z,Not Applicable,_Z,Not Applicable,_Z,Not Applicable,_Z,Not Applicable,_Z,Not Applicable,_Z,Not Applicable,MOI,Ministry of Interior,2021,,186,,,,,,,
DATAFLOW,FCSA:DF_TRA_TYPE(3.0.0),Number of Accidents by Emirate and Type of Accidents,I,TYP,Accident Type,NUMBER,Number,AE-SH,Sharjah,A,Annual,SC,Collision,_Z,Not Applicable,_Z,Not Applicable,_Z,Not Applicable,_Z,Not Applicable,_Z,Not Applicable,_Z,Not Applicable,MOI,Ministry of Interior,2022,,156,,,,,,,
DATAFLOW,FCSA:DF_TRA_TYPE(3.0.0),Number of Accidents by Emirate and Type of Accidents,I,TYP,Accident Type,NUMBER,Number,AE-SH,Sharjah,A,Annual,DT,Rollover,_Z,Not Applicable,_Z,Not Applicable,_Z,Not Applicable,_Z,Not Applicable,_Z,Not Applicable,_Z,Not Applicable,MOI,Ministry of Interior,2015,,43,,,,,,,
DATAFLOW,FCSA:DF_TRA_TYPE(3.0.0),Number of Accidents by Emirate and Type of Accidents,I,TYP,Accident Type,NUMBER,Number,AE-SH,Sharjah,A,Annual,DT,Rollover,_Z,Not Applicable,_Z,Not Applicable,_Z,Not Applicable,_Z,Not Applicable,_Z,Not Applicable,_Z,Not Applicable,MOI,Ministry of Interior,2016,,45,,,,,,,
DATAFLOW,FCSA:DF_TRA_TYPE(3.0.0),Number of Accidents by Emirate and Type of Accidents,I,TYP,Accident Type,NUMBER,Number,AE-SH,Sharjah,A,Annual,DT,Rollover,_Z,Not Applicable,_Z,Not Applicable,_Z,Not Applicable,_Z,Not Applicable,_Z,Not Applicable,_Z,Not Applicable,MOI,Ministry of Interior,2017,,40,,,,,,,
DATAFLOW,FCSA:DF_TRA_TYPE(3.0.0),Number of Accidents by Emirate and Type of Accidents,I,TYP,Accident Type,NUMBER,Number,AE-SH,Sharjah,A,Annual,DT,Rollover,_Z,Not Applicable,_Z,Not Applicable,_Z,Not Applicable,_Z,Not Applicable,_Z,Not Applicable,_Z,Not Applicable,MOI,Ministry of Interior,2018,,31,,,,,,,
DATAFLOW,FCSA:DF_TRA_TYPE(3.0.0),Number of Accidents by Emirate and Type of Accidents,I,TYP,Accident Type,NUMBER,Number,AE-SH,Sharjah,A,Annual,DT,Rollover,_Z,Not Applicable,_Z,Not Applicable,_Z,Not Applicable,_Z,Not Applicable,_Z,Not Applicable,_Z,Not Applicable,MOI,Ministry of Interior,2019,,31,,,,,,,
DATAFLOW,FCSA:DF_TRA_TYPE(3.0.0),Number of Accidents by Emirate and Type of Accidents,I,TYP,Accident Type,NUMBER,Number,AE-SH,Sharjah,A,Annual,DT,Rollover,_Z,Not Applicable,_Z,Not Applicable,_Z,Not Applicable,_Z,Not Applicable,_Z,Not Applicable,_Z,Not Applicable,MOI,Ministry of Interior,2020,,32,,,,,,,
DATAFLOW,FCSA:DF_TRA_TYPE(3.0.0),Number of Accidents by Emirate and Type of Accidents,I,TYP,Accident Type,NUMBER,Number,AE-SH,Sharjah,A,Annual,DT,Rollover,_Z,Not Applicable,_Z,Not Applicable,_Z,Not Applicable,_Z,Not Applicable,_Z,Not Applicable,_Z,Not Applicable,MOI,Ministry of Interior,2021,,30,,,,,,,
DATAFLOW,FCSA:DF_TRA_TYPE(3.0.0),Number of Accidents by Emirate and Type of Accidents,I,TYP,Accident Type,NUMBER,Number,AE-SH,Sharjah,A,Annual,DT,Rollover,_Z,Not Applicable,_Z,Not Applicable,_Z,Not Applicable,_Z,Not Applicable,_Z,Not Applicable,_Z,Not Applicable,MOI,Ministry of Interior,2022,,21,,,,,,,
DATAFLOW,FCSA:DF_TRA_TYPE(3.0.0),Number of Accidents by Emirate and Type of Accidents,I,TYP,Accident Type,NUMBER,Number,AE-SH,Sharjah,A,Annual,RO,Run Over,_Z,Not Applicable,_Z,Not Applicable,_Z,Not Applicable,_Z,Not Applicable,_Z,Not Applicable,_Z,Not Applicable,MOI,Ministry of Interior,2015,,193,,,,,,,
DATAFLOW,FCSA:DF_TRA_TYPE(3.0.0),Number of Accidents by Emirate and Type of Accidents,I,TYP,Accident Type,NUMBER,Number,AE-SH,Sharjah,A,Annual,RO,Run Over,_Z,Not Applicable,_Z,Not Applicable,_Z,Not Applicable,_Z,Not Applicable,_Z,Not Applicable,_Z,Not Applicable,MOI,Ministry of Interior,2016,,179,,,,,,,
DATAFLOW,FCSA:DF_TRA_TYPE(3.0.0),Number of Accidents by Emirate and Type of Accidents,I,TYP,Accident Type,NUMBER,Number,AE-SH,Sharjah,A,Annual,RO,Run Over,_Z,Not Applicable,_Z,Not Applicable,_Z,Not Applicable,_Z,Not Applicable,_Z,Not Applicable,_Z,Not Applicable,MOI,Ministry of Interior,2017,,156,,,,,,,
DATAFLOW,FCSA:DF_TRA_TYPE(3.0.0),Number of Accidents by Emirate and Type of Accidents,I,TYP,Accident Type,NUMBER,Number,AE-SH,Sharjah,A,Annual,RO,Run Over,_Z,Not Applicable,_Z,Not Applicable,_Z,Not Applicable,_Z,Not Applicable,_Z,Not Applicable,_Z,Not Applicable,MOI,Ministry of Interior,2018,,153,,,,,,,
DATAFLOW,FCSA:DF_TRA_TYPE(3.0.0),Number of Accidents by Emirate and Type of Accidents,I,TYP,Accident Type,NUMBER,Number,AE-SH,Sharjah,A,Annual,RO,Run Over,_Z,Not Applicable,_Z,Not Applicable,_Z,Not Applicable,_Z,Not Applicable,_Z,Not Applicable,_Z,Not Applicable,MOI,Ministry of Interior,2019,,194,,,,,,,
DATAFLOW,FCSA:DF_TRA_TYPE(3.0.0),Number of Accidents by Emirate and Type of Accidents,I,TYP,Accident Type,NUMBER,Number,AE-SH,Sharjah,A,Annual,RO,Run Over,_Z,Not Applicable,_Z,Not Applicable,_Z,Not Applicable,_Z,Not Applicable,_Z,Not Applicable,_Z,Not Applicable,MOI,Ministry of Interior,2020,,106,,,,,,,
DATAFLOW,FCSA:DF_TRA_TYPE(3.0.0),Number of Accidents by Emirate and Type of Accidents,I,TYP,Accident Type,NUMBER,Number,AE-SH,Sharjah,A,Annual,RO,Run Over,_Z,Not Applicable,_Z,Not Applicable,_Z,Not Applicable,_Z,Not Applicable,_Z,Not Applicable,_Z,Not Applicable,MOI,Ministry of Interior,2021,,84,,,,,,,
DATAFLOW,FCSA:DF_TRA_TYPE(3.0.0),Number of Accidents by Emirate and Type of Accidents,I,TYP,Accident Type,NUMBER,Number,AE-SH,Sharjah,A,Annual,RO,Run Over,_Z,Not Applicable,_Z,Not Applicable,_Z,Not Applicable,_Z,Not Applicable,_Z,Not Applicable,_Z,Not Applicable,MOI,Ministry of Interior,2022,,67,,,,,,,
DATAFLOW,FCSA:DF_TRA_TYPE(3.0.0),Number of Accidents by Emirate and Type of Accidents,I,TYP,Accident Type,NUMBER,Number,AE-SH,Sharjah,A,Annual,OTH,Other,_Z,Not Applicable,_Z,Not Applicable,_Z,Not Applicable,_Z,Not Applicable,_Z,Not Applicable,_Z,Not Applicable,MOI,Ministry of Interior,2015,,30,,,,,,,
DATAFLOW,FCSA:DF_TRA_TYPE(3.0.0),Number of Accidents by Emirate and Type of Accidents,I,TYP,Accident Type,NUMBER,Number,AE-SH,Sharjah,A,Annual,OTH,Other,_Z,Not Applicable,_Z,Not Applicable,_Z,Not Applicable,_Z,Not Applicable,_Z,Not Applicable,_Z,Not Applicable,MOI,Ministry of Interior,2016,,2,,,,,,,
DATAFLOW,FCSA:DF_TRA_TYPE(3.0.0),Number of Accidents by Emirate and Type of Accidents,I,TYP,Accident Type,NUMBER,Number,AE-SH,Sharjah,A,Annual,OTH,Other,_Z,Not Applicable,_Z,Not Applicable,_Z,Not Applicable,_Z,Not Applicable,_Z,Not Applicable,_Z,Not Applicable,MOI,Ministry of Interior,2017,,5,,,,,,,
DATAFLOW,FCSA:DF_TRA_TYPE(3.0.0),Number of Accidents by Emirate and Type of Accidents,I,TYP,Accident Type,NUMBER,Number,AE-SH,Sharjah,A,Annual,OTH,Other,_Z,Not Applicable,_Z,Not Applicable,_Z,Not Applicable,_Z,Not Applicable,_Z,Not Applicable,_Z,Not Applicable,MOI,Ministry of Interior,2018,,0,,,,,,,
DATAFLOW,FCSA:DF_TRA_TYPE(3.0.0),Number of Accidents by Emirate and Type of Accidents,I,TYP,Accident Type,NUMBER,Number,AE-SH,Sharjah,A,Annual,OTH,Other,_Z,Not Applicable,_Z,Not Applicable,_Z,Not Applicable,_Z,Not Applicable,_Z,Not Applicable,_Z,Not Applicable,MOI,Ministry of Interior,2019,,3,,,,,,,
DATAFLOW,FCSA:DF_TRA_TYPE(3.0.0),Number of Accidents by Emirate and Type of Accidents,I,TYP,Accident Type,NUMBER,Number,AE-SH,Sharjah,A,Annual,OTH,Other,_Z,Not Applicable,_Z,Not Applicable,_Z,Not Applicable,_Z,Not Applicable,_Z,Not Applicable,_Z,Not Applicable,MOI,Ministry of Interior,2020,,3,,,,,,,
DATAFLOW,FCSA:DF_TRA_TYPE(3.0.0),Number of Accidents by Emirate and Type of Accidents,I,TYP,Accident Type,NUMBER,Number,AE-SH,Sharjah,A,Annual,OTH,Other,_Z,Not Applicable,_Z,Not Applicable,_Z,Not Applicable,_Z,Not Applicable,_Z,Not Applicable,_Z,Not Applicable,MOI,Ministry of Interior,2021,,2,,,,,,,
DATAFLOW,FCSA:DF_TRA_TYPE(3.0.0),Number of Accidents by Emirate and Type of Accidents,I,TYP,Accident Type,NUMBER,Number,AE-SH,Sharjah,A,Annual,OTH,Other,_Z,Not Applicable,_Z,Not Applicable,_Z,Not Applicable,_Z,Not Applicable,_Z,Not Applicable,_Z,Not Applicable,MOI,Ministry of Interior,2022,,9,,,,,,,
DATAFLOW,FCSA:DF_TRA_TYPE(3.0.0),Number of Accidents by Emirate and Type of Accidents,I,TYP,Accident Type,NUMBER,Number,AE-SH,Sharjah,A,Annual,_T,Total,_Z,Not Applicable,_Z,Not Applicable,_Z,Not Applicable,_Z,Not Applicable,_Z,Not Applicable,_Z,Not Applicable,MOI,Ministry of Interior,2015,,673,,,,,,,
DATAFLOW,FCSA:DF_TRA_TYPE(3.0.0),Number of Accidents by Emirate and Type of Accidents,I,TYP,Accident Type,NUMBER,Number,AE-SH,Sharjah,A,Annual,_T,Total,_Z,Not Applicable,_Z,Not Applicable,_Z,Not Applicable,_Z,Not Applicable,_Z,Not Applicable,_Z,Not Applicable,MOI,Ministry of Interior,2016,,592,,,,,,,
DATAFLOW,FCSA:DF_TRA_TYPE(3.0.0),Number of Accidents by Emirate and Type of Accidents,I,TYP,Accident Type,NUMBER,Number,AE-SH,Sharjah,A,Annual,_T,Total,_Z,Not Applicable,_Z,Not Applicable,_Z,Not Applicable,_Z,Not Applicable,_Z,Not Applicable,_Z,Not Applicable,MOI,Ministry of Interior,2017,,512,,,,,,,
DATAFLOW,FCSA:DF_TRA_TYPE(3.0.0),Number of Accidents by Emirate and Type of Accidents,I,TYP,Accident Type,NUMBER,Number,AE-SH,Sharjah,A,Annual,_T,Total,_Z,Not Applicable,_Z,Not Applicable,_Z,Not Applicable,_Z,Not Applicable,_Z,Not Applicable,_Z,Not Applicable,MOI,Ministry of Interior,2018,,433,,,,,,,
DATAFLOW,FCSA:DF_TRA_TYPE(3.0.0),Number of Accidents by Emirate and Type of Accidents,I,TYP,Accident Type,NUMBER,Number,AE-SH,Sharjah,A,Annual,_T,Total,_Z,Not Applicable,_Z,Not Applicable,_Z,Not Applicable,_Z,Not Applicable,_Z,Not Applicable,_Z,Not Applicable,MOI,Ministry of Interior,2019,,521,,,,,,,
DATAFLOW,FCSA:DF_TRA_TYPE(3.0.0),Number of Accidents by Emirate and Type of Accidents,I,TYP,Accident Type,NUMBER,Number,AE-SH,Sharjah,A,Annual,_T,Total,_Z,Not Applicable,_Z,Not Applicable,_Z,Not Applicable,_Z,Not Applicable,_Z,Not Applicable,_Z,Not Applicable,MOI,Ministry of Interior,2020,,320,,,,,,,
DATAFLOW,FCSA:DF_TRA_TYPE(3.0.0),Number of Accidents by Emirate and Type of Accidents,I,TYP,Accident Type,NUMBER,Number,AE-SH,Sharjah,A,Annual,_T,Total,_Z,Not Applicable,_Z,Not Applicable,_Z,Not Applicable,_Z,Not Applicable,_Z,Not Applicable,_Z,Not Applicable,MOI,Ministry of Interior,2021,,302,,,,,,,
DATAFLOW,FCSA:DF_TRA_TYPE(3.0.0),Number of Accidents by Emirate and Type of Accidents,I,TYP,Accident Type,NUMBER,Number,AE-SH,Sharjah,A,Annual,_T,Total,_Z,Not Applicable,_Z,Not Applicable,_Z,Not Applicable,_Z,Not Applicable,_Z,Not Applicable,_Z,Not Applicable,MOI,Ministry of Interior,2022,,253,,,,,,,
DATAFLOW,FCSA:DF_TRA_TYPE(3.0.0),Number of Accidents by Emirate and Type of Accidents,I,TYP,Accident Type,NUMBER,Number,AE-AJ,Ajman,A,Annual,SC,Collision,_Z,Not Applicable,_Z,Not Applicable,_Z,Not Applicable,_Z,Not Applicable,_Z,Not Applicable,_Z,Not Applicable,MOI,Ministry of Interior,2015,,119,,,,,,,
DATAFLOW,FCSA:DF_TRA_TYPE(3.0.0),Number of Accidents by Emirate and Type of Accidents,I,TYP,Accident Type,NUMBER,Number,AE-AJ,Ajman,A,Annual,SC,Collision,_Z,Not Applicable,_Z,Not Applicable,_Z,Not Applicable,_Z,Not Applicable,_Z,Not Applicable,_Z,Not Applicable,MOI,Ministry of Interior,2016,,130,,,,,,,
DATAFLOW,FCSA:DF_TRA_TYPE(3.0.0),Number of Accidents by Emirate and Type of Accidents,I,TYP,Accident Type,NUMBER,Number,AE-AJ,Ajman,A,Annual,SC,Collision,_Z,Not Applicable,_Z,Not Applicable,_Z,Not Applicable,_Z,Not Applicable,_Z,Not Applicable,_Z,Not Applicable,MOI,Ministry of Interior,2017,,83,,,,,,,
DATAFLOW,FCSA:DF_TRA_TYPE(3.0.0),Number of Accidents by Emirate and Type of Accidents,I,TYP,Accident Type,NUMBER,Number,AE-AJ,Ajman,A,Annual,SC,Collision,_Z,Not Applicable,_Z,Not Applicable,_Z,Not Applicable,_Z,Not Applicable,_Z,Not Applicable,_Z,Not Applicable,MOI,Ministry of Interior,2018,,77,,,,,,,
DATAFLOW,FCSA:DF_TRA_TYPE(3.0.0),Number of Accidents by Emirate and Type of Accidents,I,TYP,Accident Type,NUMBER,Number,AE-AJ,Ajman,A,Annual,SC,Collision,_Z,Not Applicable,_Z,Not Applicable,_Z,Not Applicable,_Z,Not Applicable,_Z,Not Applicable,_Z,Not Applicable,MOI,Ministry of Interior,2019,,82,,,,,,,
DATAFLOW,FCSA:DF_TRA_TYPE(3.0.0),Number of Accidents by Emirate and Type of Accidents,I,TYP,Accident Type,NUMBER,Number,AE-AJ,Ajman,A,Annual,SC,Collision,_Z,Not Applicable,_Z,Not Applicable,_Z,Not Applicable,_Z,Not Applicable,_Z,Not Applicable,_Z,Not Applicable,MOI,Ministry of Interior,2020,,38,,,,,,,
DATAFLOW,FCSA:DF_TRA_TYPE(3.0.0),Number of Accidents by Emirate and Type of Accidents,I,TYP,Accident Type,NUMBER,Number,AE-AJ,Ajman,A,Annual,SC,Collision,_Z,Not Applicable,_Z,Not Applicable,_Z,Not Applicable,_Z,Not Applicable,_Z,Not Applicable,_Z,Not Applicable,MOI,Ministry of Interior,2021,,56,,,,,,,
DATAFLOW,FCSA:DF_TRA_TYPE(3.0.0),Number of Accidents by Emirate and Type of Accidents,I,TYP,Accident Type,NUMBER,Number,AE-AJ,Ajman,A,Annual,SC,Collision,_Z,Not Applicable,_Z,Not Applicable,_Z,Not Applicable,_Z,Not Applicable,_Z,Not Applicable,_Z,Not Applicable,MOI,Ministry of Interior,2022,,58,,,,,,,
DATAFLOW,FCSA:DF_TRA_TYPE(3.0.0),Number of Accidents by Emirate and Type of Accidents,I,TYP,Accident Type,NUMBER,Number,AE-AJ,Ajman,A,Annual,DT,Rollover,_Z,Not Applicable,_Z,Not Applicable,_Z,Not Applicable,_Z,Not Applicable,_Z,Not Applicable,_Z,Not Applicable,MOI,Ministry of Interior,2015,,21,,,,,,,
DATAFLOW,FCSA:DF_TRA_TYPE(3.0.0),Number of Accidents by Emirate and Type of Accidents,I,TYP,Accident Type,NUMBER,Number,AE-AJ,Ajman,A,Annual,DT,Rollover,_Z,Not Applicable,_Z,Not Applicable,_Z,Not Applicable,_Z,Not Applicable,_Z,Not Applicable,_Z,Not Applicable,MOI,Ministry of Interior,2016,,21,,,,,,,
DATAFLOW,FCSA:DF_TRA_TYPE(3.0.0),Number of Accidents by Emirate and Type of Accidents,I,TYP,Accident Type,NUMBER,Number,AE-AJ,Ajman,A,Annual,DT,Rollover,_Z,Not Applicable,_Z,Not Applicable,_Z,Not Applicable,_Z,Not Applicable,_Z,Not Applicable,_Z,Not Applicable,MOI,Ministry of Interior,2017,,12,,,,,,,
DATAFLOW,FCSA:DF_TRA_TYPE(3.0.0),Number of Accidents by Emirate and Type of Accidents,I,TYP,Accident Type,NUMBER,Number,AE-AJ,Ajman,A,Annual,DT,Rollover,_Z,Not Applicable,_Z,Not Applicable,_Z,Not Applicable,_Z,Not Applicable,_Z,Not Applicable,_Z,Not Applicable,MOI,Ministry of Interior,2018,,11,,,,,,,
DATAFLOW,FCSA:DF_TRA_TYPE(3.0.0),Number of Accidents by Emirate and Type of Accidents,I,TYP,Accident Type,NUMBER,Number,AE-AJ,Ajman,A,Annual,DT,Rollover,_Z,Not Applicable,_Z,Not Applicable,_Z,Not Applicable,_Z,Not Applicable,_Z,Not Applicable,_Z,Not Applicable,MOI,Ministry of Interior,2019,,9,,,,,,,
DATAFLOW,FCSA:DF_TRA_TYPE(3.0.0),Number of Accidents by Emirate and Type of Accidents,I,TYP,Accident Type,NUMBER,Number,AE-AJ,Ajman,A,Annual,DT,Rollover,_Z,Not Applicable,_Z,Not Applicable,_Z,Not Applicable,_Z,Not Applicable,_Z,Not Applicable,_Z,Not Applicable,MOI,Ministry of Interior,2020,,11,,,,,,,
DATAFLOW,FCSA:DF_TRA_TYPE(3.0.0),Number of Accidents by Emirate and Type of Accidents,I,TYP,Accident Type,NUMBER,Number,AE-AJ,Ajman,A,Annual,DT,Rollover,_Z,Not Applicable,_Z,Not Applicable,_Z,Not Applicable,_Z,Not Applicable,_Z,Not Applicable,_Z,Not Applicable,MOI,Ministry of Interior,2021,,6,,,,,,,
DATAFLOW,FCSA:DF_TRA_TYPE(3.0.0),Number of Accidents by Emirate and Type of Accidents,I,TYP,Accident Type,NUMBER,Number,AE-AJ,Ajman,A,Annual,DT,Rollover,_Z,Not Applicable,_Z,Not Applicable,_Z,Not Applicable,_Z,Not Applicable,_Z,Not Applicable,_Z,Not Applicable,MOI,Ministry of Interior,2022,,6,,,,,,,
DATAFLOW,FCSA:DF_TRA_TYPE(3.0.0),Number of Accidents by Emirate and Type of Accidents,I,TYP,Accident Type,NUMBER,Number,AE-AJ,Ajman,A,Annual,RO,Run Over,_Z,Not Applicable,_Z,Not Applicable,_Z,Not Applicable,_Z,Not Applicable,_Z,Not Applicable,_Z,Not Applicable,MOI,Ministry of Interior,2015,,102,,,,,,,
DATAFLOW,FCSA:DF_TRA_TYPE(3.0.0),Number of Accidents by Emirate and Type of Accidents,I,TYP,Accident Type,NUMBER,Number,AE-AJ,Ajman,A,Annual,RO,Run Over,_Z,Not Applicable,_Z,Not Applicable,_Z,Not Applicable,_Z,Not Applicable,_Z,Not Applicable,_Z,Not Applicable,MOI,Ministry of Interior,2016,,107,,,,,,,
DATAFLOW,FCSA:DF_TRA_TYPE(3.0.0),Number of Accidents by Emirate and Type of Accidents,I,TYP,Accident Type,NUMBER,Number,AE-AJ,Ajman,A,Annual,RO,Run Over,_Z,Not Applicable,_Z,Not Applicable,_Z,Not Applicable,_Z,Not Applicable,_Z,Not Applicable,_Z,Not Applicable,MOI,Ministry of Interior,2017,,96,,,,,,,
DATAFLOW,FCSA:DF_TRA_TYPE(3.0.0),Number of Accidents by Emirate and Type of Accidents,I,TYP,Accident Type,NUMBER,Number,AE-AJ,Ajman,A,Annual,RO,Run Over,_Z,Not Applicable,_Z,Not Applicable,_Z,Not Applicable,_Z,Not Applicable,_Z,Not Applicable,_Z,Not Applicable,MOI,Ministry of Interior,2018,,89,,,,,,,
DATAFLOW,FCSA:DF_TRA_TYPE(3.0.0),Number of Accidents by Emirate and Type of Accidents,I,TYP,Accident Type,NUMBER,Number,AE-AJ,Ajman,A,Annual,RO,Run Over,_Z,Not Applicable,_Z,Not Applicable,_Z,Not Applicable,_Z,Not Applicable,_Z,Not Applicable,_Z,Not Applicable,MOI,Ministry of Interior,2019,,77,,,,,,,
DATAFLOW,FCSA:DF_TRA_TYPE(3.0.0),Number of Accidents by Emirate and Type of Accidents,I,TYP,Accident Type,NUMBER,Number,AE-AJ,Ajman,A,Annual,RO,Run Over,_Z,Not Applicable,_Z,Not Applicable,_Z,Not Applicable,_Z,Not Applicable,_Z,Not Applicable,_Z,Not Applicable,MOI,Ministry of Interior,2020,,44,,,,,,,
DATAFLOW,FCSA:DF_TRA_TYPE(3.0.0),Number of Accidents by Emirate and Type of Accidents,I,TYP,Accident Type,NUMBER,Number,AE-AJ,Ajman,A,Annual,RO,Run Over,_Z,Not Applicable,_Z,Not Applicable,_Z,Not Applicable,_Z,Not Applicable,_Z,Not Applicable,_Z,Not Applicable,MOI,Ministry of Interior,2021,,84,,,,,,,
DATAFLOW,FCSA:DF_TRA_TYPE(3.0.0),Number of Accidents by Emirate and Type of Accidents,I,TYP,Accident Type,NUMBER,Number,AE-AJ,Ajman,A,Annual,RO,Run Over,_Z,Not Applicable,_Z,Not Applicable,_Z,Not Applicable,_Z,Not Applicable,_Z,Not Applicable,_Z,Not Applicable,MOI,Ministry of Interior,2022,,78,,,,,,,
DATAFLOW,FCSA:DF_TRA_TYPE(3.0.0),Number of Accidents by Emirate and Type of Accidents,I,TYP,Accident Type,NUMBER,Number,AE-AJ,Ajman,A,Annual,OTH,Other,_Z,Not Applicable,_Z,Not Applicable,_Z,Not Applicable,_Z,Not Applicable,_Z,Not Applicable,_Z,Not Applicable,MOI,Ministry of Interior,2015,,2,,,,,,,
DATAFLOW,FCSA:DF_TRA_TYPE(3.0.0),Number of Accidents by Emirate and Type of Accidents,I,TYP,Accident Type,NUMBER,Number,AE-AJ,Ajman,A,Annual,OTH,Other,_Z,Not Applicable,_Z,Not Applicable,_Z,Not Applicable,_Z,Not Applicable,_Z,Not Applicable,_Z,Not Applicable,MOI,Ministry of Interior,2016,,4,,,,,,,
DATAFLOW,FCSA:DF_TRA_TYPE(3.0.0),Number of Accidents by Emirate and Type of Accidents,I,TYP,Accident Type,NUMBER,Number,AE-AJ,Ajman,A,Annual,OTH,Other,_Z,Not Applicable,_Z,Not Applicable,_Z,Not Applicable,_Z,Not Applicable,_Z,Not Applicable,_Z,Not Applicable,MOI,Ministry of Interior,2017,,0,,,,,,,
DATAFLOW,FCSA:DF_TRA_TYPE(3.0.0),Number of Accidents by Emirate and Type of Accidents,I,TYP,Accident Type,NUMBER,Number,AE-AJ,Ajman,A,Annual,OTH,Other,_Z,Not Applicable,_Z,Not Applicable,_Z,Not Applicable,_Z,Not Applicable,_Z,Not Applicable,_Z,Not Applicable,MOI,Ministry of Interior,2018,,0,,,,,,,
DATAFLOW,FCSA:DF_TRA_TYPE(3.0.0),Number of Accidents by Emirate and Type of Accidents,I,TYP,Accident Type,NUMBER,Number,AE-AJ,Ajman,A,Annual,OTH,Other,_Z,Not Applicable,_Z,Not Applicable,_Z,Not Applicable,_Z,Not Applicable,_Z,Not Applicable,_Z,Not Applicable,MOI,Ministry of Interior,2019,,0,,,,,,,
DATAFLOW,FCSA:DF_TRA_TYPE(3.0.0),Number of Accidents by Emirate and Type of Accidents,I,TYP,Accident Type,NUMBER,Number,AE-AJ,Ajman,A,Annual,OTH,Other,_Z,Not Applicable,_Z,Not Applicable,_Z,Not Applicable,_Z,Not Applicable,_Z,Not Applicable,_Z,Not Applicable,MOI,Ministry of Interior,2020,,0,,,,,,,
DATAFLOW,FCSA:DF_TRA_TYPE(3.0.0),Number of Accidents by Emirate and Type of Accidents,I,TYP,Accident Type,NUMBER,Number,AE-AJ,Ajman,A,Annual,OTH,Other,_Z,Not Applicable,_Z,Not Applicable,_Z,Not Applicable,_Z,Not Applicable,_Z,Not Applicable,_Z,Not Applicable,MOI,Ministry of Interior,2021,,0,,,,,,,
DATAFLOW,FCSA:DF_TRA_TYPE(3.0.0),Number of Accidents by Emirate and Type of Accidents,I,TYP,Accident Type,NUMBER,Number,AE-AJ,Ajman,A,Annual,OTH,Other,_Z,Not Applicable,_Z,Not Applicable,_Z,Not Applicable,_Z,Not Applicable,_Z,Not Applicable,_Z,Not Applicable,MOI,Ministry of Interior,2022,,0,,,,,,,
DATAFLOW,FCSA:DF_TRA_TYPE(3.0.0),Number of Accidents by Emirate and Type of Accidents,I,TYP,Accident Type,NUMBER,Number,AE-AJ,Ajman,A,Annual,_T,Total,_Z,Not Applicable,_Z,Not Applicable,_Z,Not Applicable,_Z,Not Applicable,_Z,Not Applicable,_Z,Not Applicable,MOI,Ministry of Interior,2015,,244,,,,,,,
DATAFLOW,FCSA:DF_TRA_TYPE(3.0.0),Number of Accidents by Emirate and Type of Accidents,I,TYP,Accident Type,NUMBER,Number,AE-AJ,Ajman,A,Annual,_T,Total,_Z,Not Applicable,_Z,Not Applicable,_Z,Not Applicable,_Z,Not Applicable,_Z,Not Applicable,_Z,Not Applicable,MOI,Ministry of Interior,2016,,262,,,,,,,
DATAFLOW,FCSA:DF_TRA_TYPE(3.0.0),Number of Accidents by Emirate and Type of Accidents,I,TYP,Accident Type,NUMBER,Number,AE-AJ,Ajman,A,Annual,_T,Total,_Z,Not Applicable,_Z,Not Applicable,_Z,Not Applicable,_Z,Not Applicable,_Z,Not Applicable,_Z,Not Applicable,MOI,Ministry of Interior,2017,,191,,,,,,,
DATAFLOW,FCSA:DF_TRA_TYPE(3.0.0),Number of Accidents by Emirate and Type of Accidents,I,TYP,Accident Type,NUMBER,Number,AE-AJ,Ajman,A,Annual,_T,Total,_Z,Not Applicable,_Z,Not Applicable,_Z,Not Applicable,_Z,Not Applicable,_Z,Not Applicable,_Z,Not Applicable,MOI,Ministry of Interior,2018,,177,,,,,,,
DATAFLOW,FCSA:DF_TRA_TYPE(3.0.0),Number of Accidents by Emirate and Type of Accidents,I,TYP,Accident Type,NUMBER,Number,AE-AJ,Ajman,A,Annual,_T,Total,_Z,Not Applicable,_Z,Not Applicable,_Z,Not Applicable,_Z,Not Applicable,_Z,Not Applicable,_Z,Not Applicable,MOI,Ministry of Interior,2019,,168,,,,,,,
DATAFLOW,FCSA:DF_TRA_TYPE(3.0.0),Number of Accidents by Emirate and Type of Accidents,I,TYP,Accident Type,NUMBER,Number,AE-AJ,Ajman,A,Annual,_T,Total,_Z,Not Applicable,_Z,Not Applicable,_Z,Not Applicable,_Z,Not Applicable,_Z,Not Applicable,_Z,Not Applicable,MOI,Ministry of Interior,2020,,93,,,,,,,
DATAFLOW,FCSA:DF_TRA_TYPE(3.0.0),Number of Accidents by Emirate and Type of Accidents,I,TYP,Accident Type,NUMBER,Number,AE-AJ,Ajman,A,Annual,_T,Total,_Z,Not Applicable,_Z,Not Applicable,_Z,Not Applicable,_Z,Not Applicable,_Z,Not Applicable,_Z,Not Applicable,MOI,Ministry of Interior,2021,,146,,,,,,,
DATAFLOW,FCSA:DF_TRA_TYPE(3.0.0),Number of Accidents by Emirate and Type of Accidents,I,TYP,Accident Type,NUMBER,Number,AE-AJ,Ajman,A,Annual,_T,Total,_Z,Not Applicable,_Z,Not Applicable,_Z,Not Applicable,_Z,Not Applicable,_Z,Not Applicable,_Z,Not Applicable,MOI,Ministry of Interior,2022,,142,,,,,,,
DATAFLOW,FCSA:DF_TRA_TYPE(3.0.0),Number of Accidents by Emirate and Type of Accidents,I,TYP,Accident Type,NUMBER,Number,AE-UQ,Umm Al Quwain,A,Annual,SC,Collision,_Z,Not Applicable,_Z,Not Applicable,_Z,Not Applicable,_Z,Not Applicable,_Z,Not Applicable,_Z,Not Applicable,MOI,Ministry of Interior,2015,,34,,,,,,,
DATAFLOW,FCSA:DF_TRA_TYPE(3.0.0),Number of Accidents by Emirate and Type of Accidents,I,TYP,Accident Type,NUMBER,Number,AE-UQ,Umm Al Quwain,A,Annual,SC,Collision,_Z,Not Applicable,_Z,Not Applicable,_Z,Not Applicable,_Z,Not Applicable,_Z,Not Applicable,_Z,Not Applicable,MOI,Ministry of Interior,2016,,37,,,,,,,
DATAFLOW,FCSA:DF_TRA_TYPE(3.0.0),Number of Accidents by Emirate and Type of Accidents,I,TYP,Accident Type,NUMBER,Number,AE-UQ,Umm Al Quwain,A,Annual,SC,Collision,_Z,Not Applicable,_Z,Not Applicable,_Z,Not Applicable,_Z,Not Applicable,_Z,Not Applicable,_Z,Not Applicable,MOI,Ministry of Interior,2017,,34,,,,,,,
DATAFLOW,FCSA:DF_TRA_TYPE(3.0.0),Number of Accidents by Emirate and Type of Accidents,I,TYP,Accident Type,NUMBER,Number,AE-UQ,Umm Al Quwain,A,Annual,SC,Collision,_Z,Not Applicable,_Z,Not Applicable,_Z,Not Applicable,_Z,Not Applicable,_Z,Not Applicable,_Z,Not Applicable,MOI,Ministry of Interior,2018,,28,,,,,,,
DATAFLOW,FCSA:DF_TRA_TYPE(3.0.0),Number of Accidents by Emirate and Type of Accidents,I,TYP,Accident Type,NUMBER,Number,AE-UQ,Umm Al Quwain,A,Annual,SC,Collision,_Z,Not Applicable,_Z,Not Applicable,_Z,Not Applicable,_Z,Not Applicable,_Z,Not Applicable,_Z,Not Applicable,MOI,Ministry of Interior,2019,,25,,,,,,,
DATAFLOW,FCSA:DF_TRA_TYPE(3.0.0),Number of Accidents by Emirate and Type of Accidents,I,TYP,Accident Type,NUMBER,Number,AE-UQ,Umm Al Quwain,A,Annual,SC,Collision,_Z,Not Applicable,_Z,Not Applicable,_Z,Not Applicable,_Z,Not Applicable,_Z,Not Applicable,_Z,Not Applicable,MOI,Ministry of Interior,2020,,27,,,,,,,
DATAFLOW,FCSA:DF_TRA_TYPE(3.0.0),Number of Accidents by Emirate and Type of Accidents,I,TYP,Accident Type,NUMBER,Number,AE-UQ,Umm Al Quwain,A,Annual,SC,Collision,_Z,Not Applicable,_Z,Not Applicable,_Z,Not Applicable,_Z,Not Applicable,_Z,Not Applicable,_Z,Not Applicable,MOI,Ministry of Interior,2021,,40,,,,,,,
DATAFLOW,FCSA:DF_TRA_TYPE(3.0.0),Number of Accidents by Emirate and Type of Accidents,I,TYP,Accident Type,NUMBER,Number,AE-UQ,Umm Al Quwain,A,Annual,SC,Collision,_Z,Not Applicable,_Z,Not Applicable,_Z,Not Applicable,_Z,Not Applicable,_Z,Not Applicable,_Z,Not Applicable,MOI,Ministry of Interior,2022,,22,,,,,,,
DATAFLOW,FCSA:DF_TRA_TYPE(3.0.0),Number of Accidents by Emirate and Type of Accidents,I,TYP,Accident Type,NUMBER,Number,AE-UQ,Umm Al Quwain,A,Annual,DT,Rollover,_Z,Not Applicable,_Z,Not Applicable,_Z,Not Applicable,_Z,Not Applicable,_Z,Not Applicable,_Z,Not Applicable,MOI,Ministry of Interior,2015,,8,,,,,,,
DATAFLOW,FCSA:DF_TRA_TYPE(3.0.0),Number of Accidents by Emirate and Type of Accidents,I,TYP,Accident Type,NUMBER,Number,AE-UQ,Umm Al Quwain,A,Annual,DT,Rollover,_Z,Not Applicable,_Z,Not Applicable,_Z,Not Applicable,_Z,Not Applicable,_Z,Not Applicable,_Z,Not Applicable,MOI,Ministry of Interior,2016,,15,,,,,,,
DATAFLOW,FCSA:DF_TRA_TYPE(3.0.0),Number of Accidents by Emirate and Type of Accidents,I,TYP,Accident Type,NUMBER,Number,AE-UQ,Umm Al Quwain,A,Annual,DT,Rollover,_Z,Not Applicable,_Z,Not Applicable,_Z,Not Applicable,_Z,Not Applicable,_Z,Not Applicable,_Z,Not Applicable,MOI,Ministry of Interior,2017,,7,,,,,,,
DATAFLOW,FCSA:DF_TRA_TYPE(3.0.0),Number of Accidents by Emirate and Type of Accidents,I,TYP,Accident Type,NUMBER,Number,AE-UQ,Umm Al Quwain,A,Annual,DT,Rollover,_Z,Not Applicable,_Z,Not Applicable,_Z,Not Applicable,_Z,Not Applicable,_Z,Not Applicable,_Z,Not Applicable,MOI,Ministry of Interior,2018,,11,,,,,,,
DATAFLOW,FCSA:DF_TRA_TYPE(3.0.0),Number of Accidents by Emirate and Type of Accidents,I,TYP,Accident Type,NUMBER,Number,AE-UQ,Umm Al Quwain,A,Annual,DT,Rollover,_Z,Not Applicable,_Z,Not Applicable,_Z,Not Applicable,_Z,Not Applicable,_Z,Not Applicable,_Z,Not Applicable,MOI,Ministry of Interior,2019,,4,,,,,,,
DATAFLOW,FCSA:DF_TRA_TYPE(3.0.0),Number of Accidents by Emirate and Type of Accidents,I,TYP,Accident Type,NUMBER,Number,AE-UQ,Umm Al Quwain,A,Annual,DT,Rollover,_Z,Not Applicable,_Z,Not Applicable,_Z,Not Applicable,_Z,Not Applicable,_Z,Not Applicable,_Z,Not Applicable,MOI,Ministry of Interior,2020,,4,,,,,,,
DATAFLOW,FCSA:DF_TRA_TYPE(3.0.0),Number of Accidents by Emirate and Type of Accidents,I,TYP,Accident Type,NUMBER,Number,AE-UQ,Umm Al Quwain,A,Annual,DT,Rollover,_Z,Not Applicable,_Z,Not Applicable,_Z,Not Applicable,_Z,Not Applicable,_Z,Not Applicable,_Z,Not Applicable,MOI,Ministry of Interior,2021,,12,,,,,,,
DATAFLOW,FCSA:DF_TRA_TYPE(3.0.0),Number of Accidents by Emirate and Type of Accidents,I,TYP,Accident Type,NUMBER,Number,AE-UQ,Umm Al Quwain,A,Annual,DT,Rollover,_Z,Not Applicable,_Z,Not Applicable,_Z,Not Applicable,_Z,Not Applicable,_Z,Not Applicable,_Z,Not Applicable,MOI,Ministry of Interior,2022,,8,,,,,,,
DATAFLOW,FCSA:DF_TRA_TYPE(3.0.0),Number of Accidents by Emirate and Type of Accidents,I,TYP,Accident Type,NUMBER,Number,AE-UQ,Umm Al Quwain,A,Annual,RO,Run Over,_Z,Not Applicable,_Z,Not Applicable,_Z,Not Applicable,_Z,Not Applicable,_Z,Not Applicable,_Z,Not Applicable,MOI,Ministry of Interior,2015,,15,,,,,,,
DATAFLOW,FCSA:DF_TRA_TYPE(3.0.0),Number of Accidents by Emirate and Type of Accidents,I,TYP,Accident Type,NUMBER,Number,AE-UQ,Umm Al Quwain,A,Annual,RO,Run Over,_Z,Not Applicable,_Z,Not Applicable,_Z,Not Applicable,_Z,Not Applicable,_Z,Not Applicable,_Z,Not Applicable,MOI,Ministry of Interior,2016,,15,,,,,,,
DATAFLOW,FCSA:DF_TRA_TYPE(3.0.0),Number of Accidents by Emirate and Type of Accidents,I,TYP,Accident Type,NUMBER,Number,AE-UQ,Umm Al Quwain,A,Annual,RO,Run Over,_Z,Not Applicable,_Z,Not Applicable,_Z,Not Applicable,_Z,Not Applicable,_Z,Not Applicable,_Z,Not Applicable,MOI,Ministry of Interior,2017,,9,,,,,,,
DATAFLOW,FCSA:DF_TRA_TYPE(3.0.0),Number of Accidents by Emirate and Type of Accidents,I,TYP,Accident Type,NUMBER,Number,AE-UQ,Umm Al Quwain,A,Annual,RO,Run Over,_Z,Not Applicable,_Z,Not Applicable,_Z,Not Applicable,_Z,Not Applicable,_Z,Not Applicable,_Z,Not Applicable,MOI,Ministry of Interior,2018,,13,,,,,,,
DATAFLOW,FCSA:DF_TRA_TYPE(3.0.0),Number of Accidents by Emirate and Type of Accidents,I,TYP,Accident Type,NUMBER,Number,AE-UQ,Umm Al Quwain,A,Annual,RO,Run Over,_Z,Not Applicable,_Z,Not Applicable,_Z,Not Applicable,_Z,Not Applicable,_Z,Not Applicable,_Z,Not Applicable,MOI,Ministry of Interior,2019,,8,,,,,,,
DATAFLOW,FCSA:DF_TRA_TYPE(3.0.0),Number of Accidents by Emirate and Type of Accidents,I,TYP,Accident Type,NUMBER,Number,AE-UQ,Umm Al Quwain,A,Annual,RO,Run Over,_Z,Not Applicable,_Z,Not Applicable,_Z,Not Applicable,_Z,Not Applicable,_Z,Not Applicable,_Z,Not Applicable,MOI,Ministry of Interior,2020,,11,,,,,,,
DATAFLOW,FCSA:DF_TRA_TYPE(3.0.0),Number of Accidents by Emirate and Type of Accidents,I,TYP,Accident Type,NUMBER,Number,AE-UQ,Umm Al Quwain,A,Annual,RO,Run Over,_Z,Not Applicable,_Z,Not Applicable,_Z,Not Applicable,_Z,Not Applicable,_Z,Not Applicable,_Z,Not Applicable,MOI,Ministry of Interior,2021,,10,,,,,,,
DATAFLOW,FCSA:DF_TRA_TYPE(3.0.0),Number of Accidents by Emirate and Type of Accidents,I,TYP,Accident Type,NUMBER,Number,AE-UQ,Umm Al Quwain,A,Annual,RO,Run Over,_Z,Not Applicable,_Z,Not Applicable,_Z,Not Applicable,_Z,Not Applicable,_Z,Not Applicable,_Z,Not Applicable,MOI,Ministry of Interior,2022,,9,,,,,,,
DATAFLOW,FCSA:DF_TRA_TYPE(3.0.0),Number of Accidents by Emirate and Type of Accidents,I,TYP,Accident Type,NUMBER,Number,AE-UQ,Umm Al Quwain,A,Annual,OTH,Other,_Z,Not Applicable,_Z,Not Applicable,_Z,Not Applicable,_Z,Not Applicable,_Z,Not Applicable,_Z,Not Applicable,MOI,Ministry of Interior,2015,,9,,,,,,,
DATAFLOW,FCSA:DF_TRA_TYPE(3.0.0),Number of Accidents by Emirate and Type of Accidents,I,TYP,Accident Type,NUMBER,Number,AE-UQ,Umm Al Quwain,A,Annual,OTH,Other,_Z,Not Applicable,_Z,Not Applicable,_Z,Not Applicable,_Z,Not Applicable,_Z,Not Applicable,_Z,Not Applicable,MOI,Ministry of Interior,2016,,2,,,,,,,
DATAFLOW,FCSA:DF_TRA_TYPE(3.0.0),Number of Accidents by Emirate and Type of Accidents,I,TYP,Accident Type,NUMBER,Number,AE-UQ,Umm Al Quwain,A,Annual,OTH,Other,_Z,Not Applicable,_Z,Not Applicable,_Z,Not Applicable,_Z,Not Applicable,_Z,Not Applicable,_Z,Not Applicable,MOI,Ministry of Interior,2017,,1,,,,,,,
DATAFLOW,FCSA:DF_TRA_TYPE(3.0.0),Number of Accidents by Emirate and Type of Accidents,I,TYP,Accident Type,NUMBER,Number,AE-UQ,Umm Al Quwain,A,Annual,OTH,Other,_Z,Not Applicable,_Z,Not Applicable,_Z,Not Applicable,_Z,Not Applicable,_Z,Not Applicable,_Z,Not Applicable,MOI,Ministry of Interior,2018,,0,,,,,,,
DATAFLOW,FCSA:DF_TRA_TYPE(3.0.0),Number of Accidents by Emirate and Type of Accidents,I,TYP,Accident Type,NUMBER,Number,AE-UQ,Umm Al Quwain,A,Annual,OTH,Other,_Z,Not Applicable,_Z,Not Applicable,_Z,Not Applicable,_Z,Not Applicable,_Z,Not Applicable,_Z,Not Applicable,MOI,Ministry of Interior,2019,,0,,,,,,,
DATAFLOW,FCSA:DF_TRA_TYPE(3.0.0),Number of Accidents by Emirate and Type of Accidents,I,TYP,Accident Type,NUMBER,Number,AE-UQ,Umm Al Quwain,A,Annual,OTH,Other,_Z,Not Applicable,_Z,Not Applicable,_Z,Not Applicable,_Z,Not Applicable,_Z,Not Applicable,_Z,Not Applicable,MOI,Ministry of Interior,2020,,0,,,,,,,
DATAFLOW,FCSA:DF_TRA_TYPE(3.0.0),Number of Accidents by Emirate and Type of Accidents,I,TYP,Accident Type,NUMBER,Number,AE-UQ,Umm Al Quwain,A,Annual,OTH,Other,_Z,Not Applicable,_Z,Not Applicable,_Z,Not Applicable,_Z,Not Applicable,_Z,Not Applicable,_Z,Not Applicable,MOI,Ministry of Interior,2021,,0,,,,,,,
DATAFLOW,FCSA:DF_TRA_TYPE(3.0.0),Number of Accidents by Emirate and Type of Accidents,I,TYP,Accident Type,NUMBER,Number,AE-UQ,Umm Al Quwain,A,Annual,OTH,Other,_Z,Not Applicable,_Z,Not Applicable,_Z,Not Applicable,_Z,Not Applicable,_Z,Not Applicable,_Z,Not Applicable,MOI,Ministry of Interior,2022,,0,,,,,,,
DATAFLOW,FCSA:DF_TRA_TYPE(3.0.0),Number of Accidents by Emirate and Type of Accidents,I,TYP,Accident Type,NUMBER,Number,AE-UQ,Umm Al Quwain,A,Annual,_T,Total,_Z,Not Applicable,_Z,Not Applicable,_Z,Not Applicable,_Z,Not Applicable,_Z,Not Applicable,_Z,Not Applicable,MOI,Ministry of Interior,2015,,66,,,,,,,
DATAFLOW,FCSA:DF_TRA_TYPE(3.0.0),Number of Accidents by Emirate and Type of Accidents,I,TYP,Accident Type,NUMBER,Number,AE-UQ,Umm Al Quwain,A,Annual,_T,Total,_Z,Not Applicable,_Z,Not Applicable,_Z,Not Applicable,_Z,Not Applicable,_Z,Not Applicable,_Z,Not Applicable,MOI,Ministry of Interior,2016,,69,,,,,,,
DATAFLOW,FCSA:DF_TRA_TYPE(3.0.0),Number of Accidents by Emirate and Type of Accidents,I,TYP,Accident Type,NUMBER,Number,AE-UQ,Umm Al Quwain,A,Annual,_T,Total,_Z,Not Applicable,_Z,Not Applicable,_Z,Not Applicable,_Z,Not Applicable,_Z,Not Applicable,_Z,Not Applicable,MOI,Ministry of Interior,2017,,51,,,,,,,
DATAFLOW,FCSA:DF_TRA_TYPE(3.0.0),Number of Accidents by Emirate and Type of Accidents,I,TYP,Accident Type,NUMBER,Number,AE-UQ,Umm Al Quwain,A,Annual,_T,Total,_Z,Not Applicable,_Z,Not Applicable,_Z,Not Applicable,_Z,Not Applicable,_Z,Not Applicable,_Z,Not Applicable,MOI,Ministry of Interior,2018,,52,,,,,,,
DATAFLOW,FCSA:DF_TRA_TYPE(3.0.0),Number of Accidents by Emirate and Type of Accidents,I,TYP,Accident Type,NUMBER,Number,AE-UQ,Umm Al Quwain,A,Annual,_T,Total,_Z,Not Applicable,_Z,Not Applicable,_Z,Not Applicable,_Z,Not Applicable,_Z,Not Applicable,_Z,Not Applicable,MOI,Ministry of Interior,2019,,37,,,,,,,
DATAFLOW,FCSA:DF_TRA_TYPE(3.0.0),Number of Accidents by Emirate and Type of Accidents,I,TYP,Accident Type,NUMBER,Number,AE-UQ,Umm Al Quwain,A,Annual,_T,Total,_Z,Not Applicable,_Z,Not Applicable,_Z,Not Applicable,_Z,Not Applicable,_Z,Not Applicable,_Z,Not Applicable,MOI,Ministry of Interior,2020,,42,,,,,,,
DATAFLOW,FCSA:DF_TRA_TYPE(3.0.0),Number of Accidents by Emirate and Type of Accidents,I,TYP,Accident Type,NUMBER,Number,AE-UQ,Umm Al Quwain,A,Annual,_T,Total,_Z,Not Applicable,_Z,Not Applicable,_Z,Not Applicable,_Z,Not Applicable,_Z,Not Applicable,_Z,Not Applicable,MOI,Ministry of Interior,2021,,62,,,,,,,
DATAFLOW,FCSA:DF_TRA_TYPE(3.0.0),Number of Accidents by Emirate and Type of Accidents,I,TYP,Accident Type,NUMBER,Number,AE-UQ,Umm Al Quwain,A,Annual,_T,Total,_Z,Not Applicable,_Z,Not Applicable,_Z,Not Applicable,_Z,Not Applicable,_Z,Not Applicable,_Z,Not Applicable,MOI,Ministry of Interior,2022,,39,,,,,,,
DATAFLOW,FCSA:DF_TRA_TYPE(3.0.0),Number of Accidents by Emirate and Type of Accidents,I,TYP,Accident Type,NUMBER,Number,AE-RK,Ras Al Khaimah,A,Annual,SC,Collision,_Z,Not Applicable,_Z,Not Applicable,_Z,Not Applicable,_Z,Not Applicable,_Z,Not Applicable,_Z,Not Applicable,MOI,Ministry of Interior,2015,,226,,,,,,,
DATAFLOW,FCSA:DF_TRA_TYPE(3.0.0),Number of Accidents by Emirate and Type of Accidents,I,TYP,Accident Type,NUMBER,Number,AE-RK,Ras Al Khaimah,A,Annual,SC,Collision,_Z,Not Applicable,_Z,Not Applicable,_Z,Not Applicable,_Z,Not Applicable,_Z,Not Applicable,_Z,Not Applicable,MOI,Ministry of Interior,2016,,366,,,,,,,
DATAFLOW,FCSA:DF_TRA_TYPE(3.0.0),Number of Accidents by Emirate and Type of Accidents,I,TYP,Accident Type,NUMBER,Number,AE-RK,Ras Al Khaimah,A,Annual,SC,Collision,_Z,Not Applicable,_Z,Not Applicable,_Z,Not Applicable,_Z,Not Applicable,_Z,Not Applicable,_Z,Not Applicable,MOI,Ministry of Interior,2017,,167,,,,,,,
DATAFLOW,FCSA:DF_TRA_TYPE(3.0.0),Number of Accidents by Emirate and Type of Accidents,I,TYP,Accident Type,NUMBER,Number,AE-RK,Ras Al Khaimah,A,Annual,SC,Collision,_Z,Not Applicable,_Z,Not Applicable,_Z,Not Applicable,_Z,Not Applicable,_Z,Not Applicable,_Z,Not Applicable,MOI,Ministry of Interior,2018,,129,,,,,,,
DATAFLOW,FCSA:DF_TRA_TYPE(3.0.0),Number of Accidents by Emirate and Type of Accidents,I,TYP,Accident Type,NUMBER,Number,AE-RK,Ras Al Khaimah,A,Annual,SC,Collision,_Z,Not Applicable,_Z,Not Applicable,_Z,Not Applicable,_Z,Not Applicable,_Z,Not Applicable,_Z,Not Applicable,MOI,Ministry of Interior,2019,,113,,,,,,,
DATAFLOW,FCSA:DF_TRA_TYPE(3.0.0),Number of Accidents by Emirate and Type of Accidents,I,TYP,Accident Type,NUMBER,Number,AE-RK,Ras Al Khaimah,A,Annual,SC,Collision,_Z,Not Applicable,_Z,Not Applicable,_Z,Not Applicable,_Z,Not Applicable,_Z,Not Applicable,_Z,Not Applicable,MOI,Ministry of Interior,2020,,88,,,,,,,
DATAFLOW,FCSA:DF_TRA_TYPE(3.0.0),Number of Accidents by Emirate and Type of Accidents,I,TYP,Accident Type,NUMBER,Number,AE-RK,Ras Al Khaimah,A,Annual,SC,Collision,_Z,Not Applicable,_Z,Not Applicable,_Z,Not Applicable,_Z,Not Applicable,_Z,Not Applicable,_Z,Not Applicable,MOI,Ministry of Interior,2021,,146,,,,,,,
DATAFLOW,FCSA:DF_TRA_TYPE(3.0.0),Number of Accidents by Emirate and Type of Accidents,I,TYP,Accident Type,NUMBER,Number,AE-RK,Ras Al Khaimah,A,Annual,SC,Collision,_Z,Not Applicable,_Z,Not Applicable,_Z,Not Applicable,_Z,Not Applicable,_Z,Not Applicable,_Z,Not Applicable,MOI,Ministry of Interior,2022,,189,,,,,,,
DATAFLOW,FCSA:DF_TRA_TYPE(3.0.0),Number of Accidents by Emirate and Type of Accidents,I,TYP,Accident Type,NUMBER,Number,AE-RK,Ras Al Khaimah,A,Annual,DT,Rollover,_Z,Not Applicable,_Z,Not Applicable,_Z,Not Applicable,_Z,Not Applicable,_Z,Not Applicable,_Z,Not Applicable,MOI,Ministry of Interior,2015,,52,,,,,,,
DATAFLOW,FCSA:DF_TRA_TYPE(3.0.0),Number of Accidents by Emirate and Type of Accidents,I,TYP,Accident Type,NUMBER,Number,AE-RK,Ras Al Khaimah,A,Annual,DT,Rollover,_Z,Not Applicable,_Z,Not Applicable,_Z,Not Applicable,_Z,Not Applicable,_Z,Not Applicable,_Z,Not Applicable,MOI,Ministry of Interior,2016,,75,,,,,,,
DATAFLOW,FCSA:DF_TRA_TYPE(3.0.0),Number of Accidents by Emirate and Type of Accidents,I,TYP,Accident Type,NUMBER,Number,AE-RK,Ras Al Khaimah,A,Annual,DT,Rollover,_Z,Not Applicable,_Z,Not Applicable,_Z,Not Applicable,_Z,Not Applicable,_Z,Not Applicable,_Z,Not Applicable,MOI,Ministry of Interior,2017,,33,,,,,,,
DATAFLOW,FCSA:DF_TRA_TYPE(3.0.0),Number of Accidents by Emirate and Type of Accidents,I,TYP,Accident Type,NUMBER,Number,AE-RK,Ras Al Khaimah,A,Annual,DT,Rollover,_Z,Not Applicable,_Z,Not Applicable,_Z,Not Applicable,_Z,Not Applicable,_Z,Not Applicable,_Z,Not Applicable,MOI,Ministry of Interior,2018,,31,,,,,,,
DATAFLOW,FCSA:DF_TRA_TYPE(3.0.0),Number of Accidents by Emirate and Type of Accidents,I,TYP,Accident Type,NUMBER,Number,AE-RK,Ras Al Khaimah,A,Annual,DT,Rollover,_Z,Not Applicable,_Z,Not Applicable,_Z,Not Applicable,_Z,Not Applicable,_Z,Not Applicable,_Z,Not Applicable,MOI,Ministry of Interior,2019,,26,,,,,,,
DATAFLOW,FCSA:DF_TRA_TYPE(3.0.0),Number of Accidents by Emirate and Type of Accidents,I,TYP,Accident Type,NUMBER,Number,AE-RK,Ras Al Khaimah,A,Annual,DT,Rollover,_Z,Not Applicable,_Z,Not Applicable,_Z,Not Applicable,_Z,Not Applicable,_Z,Not Applicable,_Z,Not Applicable,MOI,Ministry of Interior,2020,,19,,,,,,,
DATAFLOW,FCSA:DF_TRA_TYPE(3.0.0),Number of Accidents by Emirate and Type of Accidents,I,TYP,Accident Type,NUMBER,Number,AE-RK,Ras Al Khaimah,A,Annual,DT,Rollover,_Z,Not Applicable,_Z,Not Applicable,_Z,Not Applicable,_Z,Not Applicable,_Z,Not Applicable,_Z,Not Applicable,MOI,Ministry of Interior,2021,,29,,,,,,,
DATAFLOW,FCSA:DF_TRA_TYPE(3.0.0),Number of Accidents by Emirate and Type of Accidents,I,TYP,Accident Type,NUMBER,Number,AE-RK,Ras Al Khaimah,A,Annual,DT,Rollover,_Z,Not Applicable,_Z,Not Applicable,_Z,Not Applicable,_Z,Not Applicable,_Z,Not Applicable,_Z,Not Applicable,MOI,Ministry of Interior,2022,,41,,,,,,,
DATAFLOW,FCSA:DF_TRA_TYPE(3.0.0),Number of Accidents by Emirate and Type of Accidents,I,TYP,Accident Type,NUMBER,Number,AE-RK,Ras Al Khaimah,A,Annual,RO,Run Over,_Z,Not Applicable,_Z,Not Applicable,_Z,Not Applicable,_Z,Not Applicable,_Z,Not Applicable,_Z,Not Applicable,MOI,Ministry of Interior,2015,,43,,,,,,,
DATAFLOW,FCSA:DF_TRA_TYPE(3.0.0),Number of Accidents by Emirate and Type of Accidents,I,TYP,Accident Type,NUMBER,Number,AE-RK,Ras Al Khaimah,A,Annual,RO,Run Over,_Z,Not Applicable,_Z,Not Applicable,_Z,Not Applicable,_Z,Not Applicable,_Z,Not Applicable,_Z,Not Applicable,MOI,Ministry of Interior,2016,,68,,,,,,,
DATAFLOW,FCSA:DF_TRA_TYPE(3.0.0),Number of Accidents by Emirate and Type of Accidents,I,TYP,Accident Type,NUMBER,Number,AE-RK,Ras Al Khaimah,A,Annual,RO,Run Over,_Z,Not Applicable,_Z,Not Applicable,_Z,Not Applicable,_Z,Not Applicable,_Z,Not Applicable,_Z,Not Applicable,MOI,Ministry of Interior,2017,,42,,,,,,,
DATAFLOW,FCSA:DF_TRA_TYPE(3.0.0),Number of Accidents by Emirate and Type of Accidents,I,TYP,Accident Type,NUMBER,Number,AE-RK,Ras Al Khaimah,A,Annual,RO,Run Over,_Z,Not Applicable,_Z,Not Applicable,_Z,Not Applicable,_Z,Not Applicable,_Z,Not Applicable,_Z,Not Applicable,MOI,Ministry of Interior,2018,,40,,,,,,,
DATAFLOW,FCSA:DF_TRA_TYPE(3.0.0),Number of Accidents by Emirate and Type of Accidents,I,TYP,Accident Type,NUMBER,Number,AE-RK,Ras Al Khaimah,A,Annual,RO,Run Over,_Z,Not Applicable,_Z,Not Applicable,_Z,Not Applicable,_Z,Not Applicable,_Z,Not Applicable,_Z,Not Applicable,MOI,Ministry of Interior,2019,,47,,,,,,,
DATAFLOW,FCSA:DF_TRA_TYPE(3.0.0),Number of Accidents by Emirate and Type of Accidents,I,TYP,Accident Type,NUMBER,Number,AE-RK,Ras Al Khaimah,A,Annual,RO,Run Over,_Z,Not Applicable,_Z,Not Applicable,_Z,Not Applicable,_Z,Not Applicable,_Z,Not Applicable,_Z,Not Applicable,MOI,Ministry of Interior,2020,,26,,,,,,,
DATAFLOW,FCSA:DF_TRA_TYPE(3.0.0),Number of Accidents by Emirate and Type of Accidents,I,TYP,Accident Type,NUMBER,Number,AE-RK,Ras Al Khaimah,A,Annual,RO,Run Over,_Z,Not Applicable,_Z,Not Applicable,_Z,Not Applicable,_Z,Not Applicable,_Z,Not Applicable,_Z,Not Applicable,MOI,Ministry of Interior,2021,,43,,,,,,,
DATAFLOW,FCSA:DF_TRA_TYPE(3.0.0),Number of Accidents by Emirate and Type of Accidents,I,TYP,Accident Type,NUMBER,Number,AE-RK,Ras Al Khaimah,A,Annual,RO,Run Over,_Z,Not Applicable,_Z,Not Applicable,_Z,Not Applicable,_Z,Not Applicable,_Z,Not Applicable,_Z,Not Applicable,MOI,Ministry of Interior,2022,,56,,,,,,,
DATAFLOW,FCSA:DF_TRA_TYPE(3.0.0),Number of Accidents by Emirate and Type of Accidents,I,TYP,Accident Type,NUMBER,Number,AE-RK,Ras Al Khaimah,A,Annual,OTH,Other,_Z,Not Applicable,_Z,Not Applicable,_Z,Not Applicable,_Z,Not Applicable,_Z,Not Applicable,_Z,Not Applicable,MOI,Ministry of Interior,2015,,1,,,,,,,
DATAFLOW,FCSA:DF_TRA_TYPE(3.0.0),Number of Accidents by Emirate and Type of Accidents,I,TYP,Accident Type,NUMBER,Number,AE-RK,Ras Al Khaimah,A,Annual,OTH,Other,_Z,Not Applicable,_Z,Not Applicable,_Z,Not Applicable,_Z,Not Applicable,_Z,Not Applicable,_Z,Not Applicable,MOI,Ministry of Interior,2016,,1,,,,,,,
DATAFLOW,FCSA:DF_TRA_TYPE(3.0.0),Number of Accidents by Emirate and Type of Accidents,I,TYP,Accident Type,NUMBER,Number,AE-RK,Ras Al Khaimah,A,Annual,OTH,Other,_Z,Not Applicable,_Z,Not Applicable,_Z,Not Applicable,_Z,Not Applicable,_Z,Not Applicable,_Z,Not Applicable,MOI,Ministry of Interior,2017,,0,,,,,,,
DATAFLOW,FCSA:DF_TRA_TYPE(3.0.0),Number of Accidents by Emirate and Type of Accidents,I,TYP,Accident Type,NUMBER,Number,AE-RK,Ras Al Khaimah,A,Annual,OTH,Other,_Z,Not Applicable,_Z,Not Applicable,_Z,Not Applicable,_Z,Not Applicable,_Z,Not Applicable,_Z,Not Applicable,MOI,Ministry of Interior,2018,,1,,,,,,,
DATAFLOW,FCSA:DF_TRA_TYPE(3.0.0),Number of Accidents by Emirate and Type of Accidents,I,TYP,Accident Type,NUMBER,Number,AE-RK,Ras Al Khaimah,A,Annual,OTH,Other,_Z,Not Applicable,_Z,Not Applicable,_Z,Not Applicable,_Z,Not Applicable,_Z,Not Applicable,_Z,Not Applicable,MOI,Ministry of Interior,2019,,0,,,,,,,
DATAFLOW,FCSA:DF_TRA_TYPE(3.0.0),Number of Accidents by Emirate and Type of Accidents,I,TYP,Accident Type,NUMBER,Number,AE-RK,Ras Al Khaimah,A,Annual,OTH,Other,_Z,Not Applicable,_Z,Not Applicable,_Z,Not Applicable,_Z,Not Applicable,_Z,Not Applicable,_Z,Not Applicable,MOI,Ministry of Interior,2020,,1,,,,,,,
DATAFLOW,FCSA:DF_TRA_TYPE(3.0.0),Number of Accidents by Emirate and Type of Accidents,I,TYP,Accident Type,NUMBER,Number,AE-RK,Ras Al Khaimah,A,Annual,OTH,Other,_Z,Not Applicable,_Z,Not Applicable,_Z,Not Applicable,_Z,Not Applicable,_Z,Not Applicable,_Z,Not Applicable,MOI,Ministry of Interior,2021,,2,,,,,,,
DATAFLOW,FCSA:DF_TRA_TYPE(3.0.0),Number of Accidents by Emirate and Type of Accidents,I,TYP,Accident Type,NUMBER,Number,AE-RK,Ras Al Khaimah,A,Annual,OTH,Other,_Z,Not Applicable,_Z,Not Applicable,_Z,Not Applicable,_Z,Not Applicable,_Z,Not Applicable,_Z,Not Applicable,MOI,Ministry of Interior,2022,,1,,,,,,,
DATAFLOW,FCSA:DF_TRA_TYPE(3.0.0),Number of Accidents by Emirate and Type of Accidents,I,TYP,Accident Type,NUMBER,Number,AE-RK,Ras Al Khaimah,A,Annual,_T,Total,_Z,Not Applicable,_Z,Not Applicable,_Z,Not Applicable,_Z,Not Applicable,_Z,Not Applicable,_Z,Not Applicable,MOI,Ministry of Interior,2015,,322,,,,,,,
DATAFLOW,FCSA:DF_TRA_TYPE(3.0.0),Number of Accidents by Emirate and Type of Accidents,I,TYP,Accident Type,NUMBER,Number,AE-RK,Ras Al Khaimah,A,Annual,_T,Total,_Z,Not Applicable,_Z,Not Applicable,_Z,Not Applicable,_Z,Not Applicable,_Z,Not Applicable,_Z,Not Applicable,MOI,Ministry of Interior,2016,,510,,,,,,,
DATAFLOW,FCSA:DF_TRA_TYPE(3.0.0),Number of Accidents by Emirate and Type of Accidents,I,TYP,Accident Type,NUMBER,Number,AE-RK,Ras Al Khaimah,A,Annual,_T,Total,_Z,Not Applicable,_Z,Not Applicable,_Z,Not Applicable,_Z,Not Applicable,_Z,Not Applicable,_Z,Not Applicable,MOI,Ministry of Interior,2017,,242,,,,,,,
DATAFLOW,FCSA:DF_TRA_TYPE(3.0.0),Number of Accidents by Emirate and Type of Accidents,I,TYP,Accident Type,NUMBER,Number,AE-RK,Ras Al Khaimah,A,Annual,_T,Total,_Z,Not Applicable,_Z,Not Applicable,_Z,Not Applicable,_Z,Not Applicable,_Z,Not Applicable,_Z,Not Applicable,MOI,Ministry of Interior,2018,,201,,,,,,,
DATAFLOW,FCSA:DF_TRA_TYPE(3.0.0),Number of Accidents by Emirate and Type of Accidents,I,TYP,Accident Type,NUMBER,Number,AE-RK,Ras Al Khaimah,A,Annual,_T,Total,_Z,Not Applicable,_Z,Not Applicable,_Z,Not Applicable,_Z,Not Applicable,_Z,Not Applicable,_Z,Not Applicable,MOI,Ministry of Interior,2019,,186,,,,,,,
DATAFLOW,FCSA:DF_TRA_TYPE(3.0.0),Number of Accidents by Emirate and Type of Accidents,I,TYP,Accident Type,NUMBER,Number,AE-RK,Ras Al Khaimah,A,Annual,_T,Total,_Z,Not Applicable,_Z,Not Applicable,_Z,Not Applicable,_Z,Not Applicable,_Z,Not Applicable,_Z,Not Applicable,MOI,Ministry of Interior,2020,,134,,,,,,,
DATAFLOW,FCSA:DF_TRA_TYPE(3.0.0),Number of Accidents by Emirate and Type of Accidents,I,TYP,Accident Type,NUMBER,Number,AE-RK,Ras Al Khaimah,A,Annual,_T,Total,_Z,Not Applicable,_Z,Not Applicable,_Z,Not Applicable,_Z,Not Applicable,_Z,Not Applicable,_Z,Not Applicable,MOI,Ministry of Interior,2021,,220,,,,,,,
DATAFLOW,FCSA:DF_TRA_TYPE(3.0.0),Number of Accidents by Emirate and Type of Accidents,I,TYP,Accident Type,NUMBER,Number,AE-RK,Ras Al Khaimah,A,Annual,_T,Total,_Z,Not Applicable,_Z,Not Applicable,_Z,Not Applicable,_Z,Not Applicable,_Z,Not Applicable,_Z,Not Applicable,MOI,Ministry of Interior,2022,,287,,,,,,,
DATAFLOW,FCSA:DF_TRA_TYPE(3.0.0),Number of Accidents by Emirate and Type of Accidents,I,TYP,Accident Type,NUMBER,Number,AE-FJ,Fujairah,A,Annual,SC,Collision,_Z,Not Applicable,_Z,Not Applicable,_Z,Not Applicable,_Z,Not Applicable,_Z,Not Applicable,_Z,Not Applicable,MOI,Ministry of Interior,2015,,107,,,,,,,
DATAFLOW,FCSA:DF_TRA_TYPE(3.0.0),Number of Accidents by Emirate and Type of Accidents,I,TYP,Accident Type,NUMBER,Number,AE-FJ,Fujairah,A,Annual,SC,Collision,_Z,Not Applicable,_Z,Not Applicable,_Z,Not Applicable,_Z,Not Applicable,_Z,Not Applicable,_Z,Not Applicable,MOI,Ministry of Interior,2016,,102,,,,,,,
DATAFLOW,FCSA:DF_TRA_TYPE(3.0.0),Number of Accidents by Emirate and Type of Accidents,I,TYP,Accident Type,NUMBER,Number,AE-FJ,Fujairah,A,Annual,SC,Collision,_Z,Not Applicable,_Z,Not Applicable,_Z,Not Applicable,_Z,Not Applicable,_Z,Not Applicable,_Z,Not Applicable,MOI,Ministry of Interior,2017,,148,,,,,,,
DATAFLOW,FCSA:DF_TRA_TYPE(3.0.0),Number of Accidents by Emirate and Type of Accidents,I,TYP,Accident Type,NUMBER,Number,AE-FJ,Fujairah,A,Annual,SC,Collision,_Z,Not Applicable,_Z,Not Applicable,_Z,Not Applicable,_Z,Not Applicable,_Z,Not Applicable,_Z,Not Applicable,MOI,Ministry of Interior,2018,,105,,,,,,,
DATAFLOW,FCSA:DF_TRA_TYPE(3.0.0),Number of Accidents by Emirate and Type of Accidents,I,TYP,Accident Type,NUMBER,Number,AE-FJ,Fujairah,A,Annual,SC,Collision,_Z,Not Applicable,_Z,Not Applicable,_Z,Not Applicable,_Z,Not Applicable,_Z,Not Applicable,_Z,Not Applicable,MOI,Ministry of Interior,2019,,85,,,,,,,
DATAFLOW,FCSA:DF_TRA_TYPE(3.0.0),Number of Accidents by Emirate and Type of Accidents,I,TYP,Accident Type,NUMBER,Number,AE-FJ,Fujairah,A,Annual,SC,Collision,_Z,Not Applicable,_Z,Not Applicable,_Z,Not Applicable,_Z,Not Applicable,_Z,Not Applicable,_Z,Not Applicable,MOI,Ministry of Interior,2020,,80,,,,,,,
DATAFLOW,FCSA:DF_TRA_TYPE(3.0.0),Number of Accidents by Emirate and Type of Accidents,I,TYP,Accident Type,NUMBER,Number,AE-FJ,Fujairah,A,Annual,SC,Collision,_Z,Not Applicable,_Z,Not Applicable,_Z,Not Applicable,_Z,Not Applicable,_Z,Not Applicable,_Z,Not Applicable,MOI,Ministry of Interior,2021,,73,,,,,,,
DATAFLOW,FCSA:DF_TRA_TYPE(3.0.0),Number of Accidents by Emirate and Type of Accidents,I,TYP,Accident Type,NUMBER,Number,AE-FJ,Fujairah,A,Annual,SC,Collision,_Z,Not Applicable,_Z,Not Applicable,_Z,Not Applicable,_Z,Not Applicable,_Z,Not Applicable,_Z,Not Applicable,MOI,Ministry of Interior,2022,,68,,,,,,,
DATAFLOW,FCSA:DF_TRA_TYPE(3.0.0),Number of Accidents by Emirate and Type of Accidents,I,TYP,Accident Type,NUMBER,Number,AE-FJ,Fujairah,A,Annual,DT,Rollover,_Z,Not Applicable,_Z,Not Applicable,_Z,Not Applicable,_Z,Not Applicable,_Z,Not Applicable,_Z,Not Applicable,MOI,Ministry of Interior,2015,,27,,,,,,,
DATAFLOW,FCSA:DF_TRA_TYPE(3.0.0),Number of Accidents by Emirate and Type of Accidents,I,TYP,Accident Type,NUMBER,Number,AE-FJ,Fujairah,A,Annual,DT,Rollover,_Z,Not Applicable,_Z,Not Applicable,_Z,Not Applicable,_Z,Not Applicable,_Z,Not Applicable,_Z,Not Applicable,MOI,Ministry of Interior,2016,,26,,,,,,,
DATAFLOW,FCSA:DF_TRA_TYPE(3.0.0),Number of Accidents by Emirate and Type of Accidents,I,TYP,Accident Type,NUMBER,Number,AE-FJ,Fujairah,A,Annual,DT,Rollover,_Z,Not Applicable,_Z,Not Applicable,_Z,Not Applicable,_Z,Not Applicable,_Z,Not Applicable,_Z,Not Applicable,MOI,Ministry of Interior,2017,,37,,,,,,,
DATAFLOW,FCSA:DF_TRA_TYPE(3.0.0),Number of Accidents by Emirate and Type of Accidents,I,TYP,Accident Type,NUMBER,Number,AE-FJ,Fujairah,A,Annual,DT,Rollover,_Z,Not Applicable,_Z,Not Applicable,_Z,Not Applicable,_Z,Not Applicable,_Z,Not Applicable,_Z,Not Applicable,MOI,Ministry of Interior,2018,,24,,,,,,,
DATAFLOW,FCSA:DF_TRA_TYPE(3.0.0),Number of Accidents by Emirate and Type of Accidents,I,TYP,Accident Type,NUMBER,Number,AE-FJ,Fujairah,A,Annual,DT,Rollover,_Z,Not Applicable,_Z,Not Applicable,_Z,Not Applicable,_Z,Not Applicable,_Z,Not Applicable,_Z,Not Applicable,MOI,Ministry of Interior,2019,,21,,,,,,,
DATAFLOW,FCSA:DF_TRA_TYPE(3.0.0),Number of Accidents by Emirate and Type of Accidents,I,TYP,Accident Type,NUMBER,Number,AE-FJ,Fujairah,A,Annual,DT,Rollover,_Z,Not Applicable,_Z,Not Applicable,_Z,Not Applicable,_Z,Not Applicable,_Z,Not Applicable,_Z,Not Applicable,MOI,Ministry of Interior,2020,,15,,,,,,,
DATAFLOW,FCSA:DF_TRA_TYPE(3.0.0),Number of Accidents by Emirate and Type of Accidents,I,TYP,Accident Type,NUMBER,Number,AE-FJ,Fujairah,A,Annual,DT,Rollover,_Z,Not Applicable,_Z,Not Applicable,_Z,Not Applicable,_Z,Not Applicable,_Z,Not Applicable,_Z,Not Applicable,MOI,Ministry of Interior,2021,,5,,,,,,,
DATAFLOW,FCSA:DF_TRA_TYPE(3.0.0),Number of Accidents by Emirate and Type of Accidents,I,TYP,Accident Type,NUMBER,Number,AE-FJ,Fujairah,A,Annual,DT,Rollover,_Z,Not Applicable,_Z,Not Applicable,_Z,Not Applicable,_Z,Not Applicable,_Z,Not Applicable,_Z,Not Applicable,MOI,Ministry of Interior,2022,,12,,,,,,,
DATAFLOW,FCSA:DF_TRA_TYPE(3.0.0),Number of Accidents by Emirate and Type of Accidents,I,TYP,Accident Type,NUMBER,Number,AE-FJ,Fujairah,A,Annual,RO,Run Over,_Z,Not Applicable,_Z,Not Applicable,_Z,Not Applicable,_Z,Not Applicable,_Z,Not Applicable,_Z,Not Applicable,MOI,Ministry of Interior,2015,,40,,,,,,,
DATAFLOW,FCSA:DF_TRA_TYPE(3.0.0),Number of Accidents by Emirate and Type of Accidents,I,TYP,Accident Type,NUMBER,Number,AE-FJ,Fujairah,A,Annual,RO,Run Over,_Z,Not Applicable,_Z,Not Applicable,_Z,Not Applicable,_Z,Not Applicable,_Z,Not Applicable,_Z,Not Applicable,MOI,Ministry of Interior,2016,,40,,,,,,,
DATAFLOW,FCSA:DF_TRA_TYPE(3.0.0),Number of Accidents by Emirate and Type of Accidents,I,TYP,Accident Type,NUMBER,Number,AE-FJ,Fujairah,A,Annual,RO,Run Over,_Z,Not Applicable,_Z,Not Applicable,_Z,Not Applicable,_Z,Not Applicable,_Z,Not Applicable,_Z,Not Applicable,MOI,Ministry of Interior,2017,,36,,,,,,,
DATAFLOW,FCSA:DF_TRA_TYPE(3.0.0),Number of Accidents by Emirate and Type of Accidents,I,TYP,Accident Type,NUMBER,Number,AE-FJ,Fujairah,A,Annual,RO,Run Over,_Z,Not Applicable,_Z,Not Applicable,_Z,Not Applicable,_Z,Not Applicable,_Z,Not Applicable,_Z,Not Applicable,MOI,Ministry of Interior,2018,,33,,,,,,,
DATAFLOW,FCSA:DF_TRA_TYPE(3.0.0),Number of Accidents by Emirate and Type of Accidents,I,TYP,Accident Type,NUMBER,Number,AE-FJ,Fujairah,A,Annual,RO,Run Over,_Z,Not Applicable,_Z,Not Applicable,_Z,Not Applicable,_Z,Not Applicable,_Z,Not Applicable,_Z,Not Applicable,MOI,Ministry of Interior,2019,,30,,,,,,,
DATAFLOW,FCSA:DF_TRA_TYPE(3.0.0),Number of Accidents by Emirate and Type of Accidents,I,TYP,Accident Type,NUMBER,Number,AE-FJ,Fujairah,A,Annual,RO,Run Over,_Z,Not Applicable,_Z,Not Applicable,_Z,Not Applicable,_Z,Not Applicable,_Z,Not Applicable,_Z,Not Applicable,MOI,Ministry of Interior,2020,,27,,,,,,,
DATAFLOW,FCSA:DF_TRA_TYPE(3.0.0),Number of Accidents by Emirate and Type of Accidents,I,TYP,Accident Type,NUMBER,Number,AE-FJ,Fujairah,A,Annual,RO,Run Over,_Z,Not Applicable,_Z,Not Applicable,_Z,Not Applicable,_Z,Not Applicable,_Z,Not Applicable,_Z,Not Applicable,MOI,Ministry of Interior,2021,,16,,,,,,,
DATAFLOW,FCSA:DF_TRA_TYPE(3.0.0),Number of Accidents by Emirate and Type of Accidents,I,TYP,Accident Type,NUMBER,Number,AE-FJ,Fujairah,A,Annual,RO,Run Over,_Z,Not Applicable,_Z,Not Applicable,_Z,Not Applicable,_Z,Not Applicable,_Z,Not Applicable,_Z,Not Applicable,MOI,Ministry of Interior,2022,,35,,,,,,,
DATAFLOW,FCSA:DF_TRA_TYPE(3.0.0),Number of Accidents by Emirate and Type of Accidents,I,TYP,Accident Type,NUMBER,Number,AE-FJ,Fujairah,A,Annual,OTH,Other,_Z,Not Applicable,_Z,Not Applicable,_Z,Not Applicable,_Z,Not Applicable,_Z,Not Applicable,_Z,Not Applicable,MOI,Ministry of Interior,2015,,2,,,,,,,
DATAFLOW,FCSA:DF_TRA_TYPE(3.0.0),Number of Accidents by Emirate and Type of Accidents,I,TYP,Accident Type,NUMBER,Number,AE-FJ,Fujairah,A,Annual,OTH,Other,_Z,Not Applicable,_Z,Not Applicable,_Z,Not Applicable,_Z,Not Applicable,_Z,Not Applicable,_Z,Not Applicable,MOI,Ministry of Interior,2016,,0,,,,,,,
DATAFLOW,FCSA:DF_TRA_TYPE(3.0.0),Number of Accidents by Emirate and Type of Accidents,I,TYP,Accident Type,NUMBER,Number,AE-FJ,Fujairah,A,Annual,OTH,Other,_Z,Not Applicable,_Z,Not Applicable,_Z,Not Applicable,_Z,Not Applicable,_Z,Not Applicable,_Z,Not Applicable,MOI,Ministry of Interior,2017,,0,,,,,,,
DATAFLOW,FCSA:DF_TRA_TYPE(3.0.0),Number of Accidents by Emirate and Type of Accidents,I,TYP,Accident Type,NUMBER,Number,AE-FJ,Fujairah,A,Annual,OTH,Other,_Z,Not Applicable,_Z,Not Applicable,_Z,Not Applicable,_Z,Not Applicable,_Z,Not Applicable,_Z,Not Applicable,MOI,Ministry of Interior,2018,,4,,,,,,,
DATAFLOW,FCSA:DF_TRA_TYPE(3.0.0),Number of Accidents by Emirate and Type of Accidents,I,TYP,Accident Type,NUMBER,Number,AE-FJ,Fujairah,A,Annual,OTH,Other,_Z,Not Applicable,_Z,Not Applicable,_Z,Not Applicable,_Z,Not Applicable,_Z,Not Applicable,_Z,Not Applicable,MOI,Ministry of Interior,2019,,0,,,,,,,
DATAFLOW,FCSA:DF_TRA_TYPE(3.0.0),Number of Accidents by Emirate and Type of Accidents,I,TYP,Accident Type,NUMBER,Number,AE-FJ,Fujairah,A,Annual,OTH,Other,_Z,Not Applicable,_Z,Not Applicable,_Z,Not Applicable,_Z,Not Applicable,_Z,Not Applicable,_Z,Not Applicable,MOI,Ministry of Interior,2020,,0,,,,,,,
DATAFLOW,FCSA:DF_TRA_TYPE(3.0.0),Number of Accidents by Emirate and Type of Accidents,I,TYP,Accident Type,NUMBER,Number,AE-FJ,Fujairah,A,Annual,OTH,Other,_Z,Not Applicable,_Z,Not Applicable,_Z,Not Applicable,_Z,Not Applicable,_Z,Not Applicable,_Z,Not Applicable,MOI,Ministry of Interior,2021,,0,,,,,,,
DATAFLOW,FCSA:DF_TRA_TYPE(3.0.0),Number of Accidents by Emirate and Type of Accidents,I,TYP,Accident Type,NUMBER,Number,AE-FJ,Fujairah,A,Annual,OTH,Other,_Z,Not Applicable,_Z,Not Applicable,_Z,Not Applicable,_Z,Not Applicable,_Z,Not Applicable,_Z,Not Applicable,MOI,Ministry of Interior,2022,,0,,,,,,,
DATAFLOW,FCSA:DF_TRA_TYPE(3.0.0),Number of Accidents by Emirate and Type of Accidents,I,TYP,Accident Type,NUMBER,Number,AE-FJ,Fujairah,A,Annual,_T,Total,_Z,Not Applicable,_Z,Not Applicable,_Z,Not Applicable,_Z,Not Applicable,_Z,Not Applicable,_Z,Not Applicable,MOI,Ministry of Interior,2015,,176,,,,,,,
DATAFLOW,FCSA:DF_TRA_TYPE(3.0.0),Number of Accidents by Emirate and Type of Accidents,I,TYP,Accident Type,NUMBER,Number,AE-FJ,Fujairah,A,Annual,_T,Total,_Z,Not Applicable,_Z,Not Applicable,_Z,Not Applicable,_Z,Not Applicable,_Z,Not Applicable,_Z,Not Applicable,MOI,Ministry of Interior,2016,,168,,,,,,,
DATAFLOW,FCSA:DF_TRA_TYPE(3.0.0),Number of Accidents by Emirate and Type of Accidents,I,TYP,Accident Type,NUMBER,Number,AE-FJ,Fujairah,A,Annual,_T,Total,_Z,Not Applicable,_Z,Not Applicable,_Z,Not Applicable,_Z,Not Applicable,_Z,Not Applicable,_Z,Not Applicable,MOI,Ministry of Interior,2017,,221,,,,,,,
DATAFLOW,FCSA:DF_TRA_TYPE(3.0.0),Number of Accidents by Emirate and Type of Accidents,I,TYP,Accident Type,NUMBER,Number,AE-FJ,Fujairah,A,Annual,_T,Total,_Z,Not Applicable,_Z,Not Applicable,_Z,Not Applicable,_Z,Not Applicable,_Z,Not Applicable,_Z,Not Applicable,MOI,Ministry of Interior,2018,,166,,,,,,,
DATAFLOW,FCSA:DF_TRA_TYPE(3.0.0),Number of Accidents by Emirate and Type of Accidents,I,TYP,Accident Type,NUMBER,Number,AE-FJ,Fujairah,A,Annual,_T,Total,_Z,Not Applicable,_Z,Not Applicable,_Z,Not Applicable,_Z,Not Applicable,_Z,Not Applicable,_Z,Not Applicable,MOI,Ministry of Interior,2019,,136,,,,,,,
DATAFLOW,FCSA:DF_TRA_TYPE(3.0.0),Number of Accidents by Emirate and Type of Accidents,I,TYP,Accident Type,NUMBER,Number,AE-FJ,Fujairah,A,Annual,_T,Total,_Z,Not Applicable,_Z,Not Applicable,_Z,Not Applicable,_Z,Not Applicable,_Z,Not Applicable,_Z,Not Applicable,MOI,Ministry of Interior,2020,,122,,,,,,,
DATAFLOW,FCSA:DF_TRA_TYPE(3.0.0),Number of Accidents by Emirate and Type of Accidents,I,TYP,Accident Type,NUMBER,Number,AE-FJ,Fujairah,A,Annual,_T,Total,_Z,Not Applicable,_Z,Not Applicable,_Z,Not Applicable,_Z,Not Applicable,_Z,Not Applicable,_Z,Not Applicable,MOI,Ministry of Interior,2021,,94,,,,,,,
DATAFLOW,FCSA:DF_TRA_TYPE(3.0.0),Number of Accidents by Emirate and Type of Accidents,I,TYP,Accident Type,NUMBER,Number,AE-FJ,Fujairah,A,Annual,_T,Total,_Z,Not Applicable,_Z,Not Applicable,_Z,Not Applicable,_Z,Not Applicable,_Z,Not Applicable,_Z,Not Applicable,MOI,Ministry of Interior,2022,,115,,,,,,,
